Target affinity,Target qeds,Predicted logps,Predicted qeds,Predicted sas,Predicted tpsas,Predicted affinity,key
-9.0,0.4,3.4963000000000015,0.6645237717594787,3.3102482311668284,106.66,-9.1,-9_0.4
-9.0,0.4,7.321500000000008,0.418593952613315,5.104242969671918,55.4,-8.7,-9_0.4
-9.0,0.4,5.6608000000000045,0.5544857838306548,2.5677850786102834,40.510000000000005,-9.4,-9_0.4
-9.0,0.4,6.312100000000005,0.2979814039124342,1.9023862923141035,43.370000000000005,-8.4,-9_0.4
-9.0,0.4,5.216940000000004,0.5112493354234481,1.8750655073159237,88.69000000000001,-9.3,-9_0.4
-9.0,0.4,5.168200000000004,0.40240498562764215,2.8956509798625323,79.37,-9.2,-9_0.4
-9.0,0.4,3.227100000000002,0.5328300705040274,2.1268675446626624,78.25999999999999,-8.7,-9_0.4
-9.0,0.4,4.451020000000003,0.2724242189816687,2.5576432436037315,84.30000000000001,-9.4,-9_0.4
-9.0,0.4,4.190820000000002,0.4073672723280255,2.4609573218628586,98.98,-8.3,-9_0.4
-9.0,0.4,4.7622000000000035,0.4451891583314073,2.389469137633295,85.32,-9.5,-9_0.4
-9.0,0.4,6.477200000000006,0.45787959731729,3.3033419374763477,58.18000000000001,-8.8,-9_0.4
-9.0,0.4,7.118600000000007,0.4369302854947339,3.814579763287992,47.040000000000006,-8.6,-9_0.4
-9.0,0.4,5.077400000000003,0.36467899736341053,3.6093377721461852,93.74000000000001,-9.3,-9_0.4
-9.0,0.4,5.347720000000004,0.4245831597567997,2.3466675750248474,86.48,-8.5,-9_0.4
-9.0,0.4,4.832340000000005,0.4880687487754718,2.451507069782334,92.51,-8.8,-9_0.4
-9.0,0.4,5.878700000000005,0.47558529578439607,3.0346786297253754,65.46000000000001,-9.0,-9_0.4
-9.0,0.4,4.213900000000003,0.37956831789933587,2.1757091397124046,119.51,-9.1,-9_0.4
-9.0,0.4,2.730200000000001,0.4004322563401869,3.137439960602441,108.96000000000001,-9.5,-9_0.4
-9.0,0.4,5.495370000000005,0.3705058443585496,2.118095006490835,49.870000000000005,-8.7,-9_0.4
-9.0,0.4,4.649500000000004,0.2825135647593083,4.12921858439797,110.76000000000002,-9.1,-9_0.4
-9.0,0.4,2.5357000000000003,0.38802083813602706,2.6847931183871943,123.22,-8.5,-9_0.4
-9.0,0.4,4.611740000000005,0.36638929713168167,2.431622843729036,111.24000000000001,-9.1,-9_0.4
-9.0,0.4,5.7337400000000045,0.38681578488466123,2.3667035484160035,64.74000000000001,-9.4,-9_0.4
-9.0,0.4,5.060120000000005,0.4207943805104059,2.8556724210921356,80.56,-8.3,-9_0.4
-9.0,0.4,3.058600000000001,0.6026087828113715,3.348974056785609,57.28,-9.0,-9_0.4
-9.0,0.4,3.8355000000000024,0.46882175180417734,3.2923621591371415,97.50999999999999,-9.2,-9_0.4
-9.0,0.4,4.210920000000003,0.41172330513165284,2.8897607020161455,96.66,-9.2,-9_0.4
-9.0,0.4,5.747500000000003,0.4346760691462306,2.4562103008859424,30.21,-7.9,-9_0.4
-9.0,0.4,4.399100000000004,0.3030922241796701,2.80814599626917,105.66,-8.6,-9_0.4
-9.0,0.4,4.299820000000004,0.4001369043257993,2.2743221790013592,90.58000000000001,-8.3,-9_0.4
-9.0,0.4,5.655300000000004,0.3805856329190531,2.457315706983632,63.07000000000001,-9.0,-9_0.4
-9.0,0.4,4.853900000000004,0.3816657789845215,2.5709021679278514,79.1,-9.0,-9_0.4
-9.0,0.4,3.703140000000003,0.4183662994231962,2.5113543945311747,90.16000000000001,-7.6,-9_0.4
-9.0,0.4,5.796620000000006,0.28351281241030907,2.914423175349649,72.96000000000001,-10.4,-9_0.4
-9.0,0.4,5.591900000000005,0.3908911606214324,2.763731783231716,54.43000000000001,-9.6,-9_0.4
-9.0,0.4,2.7571600000000007,0.3944249250691361,2.4458189578942235,108.11000000000001,-9.1,-9_0.4
-9.0,0.4,5.018600000000004,0.359736991667462,2.3701732569365817,61.94,-9.3,-9_0.4
-9.0,0.4,5.744700000000004,0.37274322847884783,2.2940203841907003,74.58000000000001,-9.7,-9_0.4
-9.0,0.4,4.934400000000003,0.5819149770214017,2.4304436382262047,41.57,-9.5,-9_0.4
-9.0,0.4,4.698200000000004,0.30122017302417037,3.1519372513885777,114.47,-9.1,-9_0.4
-9.0,0.4,6.739800000000005,0.40749244062489964,3.971116210137315,6.48,,-9_0.4
-9.0,0.4,4.733820000000003,0.4739519832668313,2.3037310105899564,88.1,-8.2,-9_0.4
-9.0,0.4,4.230500000000003,0.5596056524395993,2.2670186972199833,85.25,-9.2,-9_0.4
-9.0,0.4,5.009420000000007,0.354642658811276,3.2903697305930866,82.69000000000001,-9.3,-9_0.4
-9.0,0.4,4.440800000000003,0.3721067033524571,2.049469963126782,101.57,-8.5,-9_0.4
-9.0,0.4,4.567500000000003,0.5108278835593892,2.3258417326968512,82.30000000000001,-8.2,-9_0.4
-9.0,0.4,2.48567,0.5270124866093491,3.546839018287712,89.70000000000002,,-9_0.4
-9.0,0.4,5.2023000000000055,0.33045160215283387,4.209366839135318,89.17999999999999,-9.4,-9_0.4
-9.0,0.4,4.9242000000000035,0.4694548442690119,2.2699599764662803,84.85000000000001,-9.1,-9_0.4
-9.0,0.4,4.537920000000003,0.275881026028834,2.482165044662663,85.09,-9.7,-9_0.4
-9.0,0.4,5.148500000000004,0.42608657862360444,2.837974939410312,47.14,-8.7,-9_0.4
-9.0,0.4,4.551100000000003,0.3946931228479307,2.3265330353254736,103.83000000000001,-8.8,-9_0.4
-9.0,0.4,6.3452000000000055,0.24560737735164323,3.7768798889744577,96.11000000000001,-9.7,-9_0.4
-9.0,0.4,4.430900000000003,0.37932646706508943,2.831576045037849,115.16999999999999,-9.2,-9_0.4
-9.0,0.4,4.750700000000004,0.46393748468276447,2.486944819319014,110.29000000000002,-8.2,-9_0.4
-9.0,0.4,3.1971800000000004,0.5027546443275529,2.692862324292051,138.41,-8.9,-9_0.4
-9.0,0.4,6.343620000000003,0.34125450219251535,2.6019334238821177,63.92999999999999,-8.7,-9_0.4
-9.0,0.4,4.470700000000003,0.4747163299330522,4.110793218999145,105.82,-9.7,-9_0.4
-9.0,0.4,5.451700000000003,0.3495971599417721,2.2331539198920467,91.83,-9.4,-9_0.4
-9.0,0.4,4.726900000000004,0.4365759404347882,2.8777223067690443,76.82,-9.0,-9_0.4
-9.0,0.4,5.876200000000005,0.580915779156887,2.335966987479047,12.47,-8.5,-9_0.4
-9.0,0.4,3.0260200000000013,0.5640122860250731,3.2182744763660285,112.07000000000001,-9.3,-9_0.4
-9.0,0.4,4.976600000000005,0.3662595350167469,3.39434068048603,86.36,-9.2,-9_0.4
-9.0,0.4,5.599900000000004,0.48330978046233586,3.2203229370109536,63.58,-8.7,-9_0.4
-9.0,0.4,5.3152000000000035,0.3532207018254675,2.03571806456843,51.1,-9.1,-9_0.4
-9.0,0.4,3.7864700000000022,0.49400402090399886,3.2753807700723225,115.94000000000001,-8.4,-9_0.4
-9.0,0.4,6.418960000000005,0.3718274166751052,2.5231960023238518,17.3,-9.4,-9_0.4
-9.0,0.4,2.7438000000000002,0.4761207914181563,2.211759565076889,100.78999999999999,-7.8,-9_0.4
-9.0,0.4,5.905900000000004,0.3518246959926728,2.451268964148303,73.17,-9.6,-9_0.4
-9.0,0.4,3.476490000000002,0.2625147098063324,2.8092543667323717,132.95,-9.8,-9_0.4
-9.0,0.4,2.764800000000002,0.4901049495668116,3.2531312751991495,111.87,-9.2,-9_0.4
-9.0,0.4,4.050500000000003,0.4818100226026953,2.9309429255638886,68.54,-8.6,-9_0.4
-9.0,0.4,5.4927000000000055,0.30901491960674543,3.067923037525519,62.97,-9.8,-9_0.4
-9.0,0.4,4.5501600000000035,0.361700254109766,2.571278454305004,90.88000000000001,-8.8,-9_0.4
-9.0,0.4,3.4906000000000015,0.5374081573678055,2.923780111500257,85.41,-8.3,-9_0.4
-9.0,0.4,3.9349000000000016,0.406265374757651,2.6984302885305915,77.46000000000001,-9.4,-9_0.4
-9.0,0.4,2.5433000000000003,0.2222310010183951,3.037262617964341,118.12999999999998,-9.2,-9_0.4
-9.0,0.4,6.1071200000000045,0.2543735573373911,2.4369254514070278,77.4,-9.2,-9_0.4
-9.0,0.4,5.044700000000002,0.3795872722748034,3.0296220009328625,79.69,-9.7,-9_0.4
-9.0,0.4,3.2461200000000012,0.5021186432917458,2.937604152144134,95.36999999999999,-8.2,-9_0.4
-9.0,0.4,4.112500000000003,0.41752845090698587,2.41848479539812,52.88000000000001,-9.4,-9_0.4
-9.0,0.4,4.588600000000003,0.47246495481995254,3.7983964329660314,104.19000000000001,-9.3,-9_0.4
-9.0,0.4,5.4539000000000035,0.44651729934897016,3.138783092585715,67.09,-9.0,-9_0.4
-9.0,0.4,3.0298000000000007,0.30438584500042815,2.4966778964980563,122.89999999999999,-9.1,-9_0.4
-9.0,0.4,4.742900000000003,0.43372042085107926,2.236269145860362,93.19999999999999,-8.7,-9_0.4
-9.0,0.4,3.334100000000003,0.3719164592944607,3.7956909706907584,128.66,-9.1,-9_0.4
-9.0,0.4,3.923420000000002,0.40557578582964177,2.3780484567976963,115.08999999999999,-8.3,-9_0.4
-9.0,0.4,4.077300000000002,0.4070925359686609,2.196458516589484,91.16000000000001,-8.3,-9_0.4
-9.0,0.4,4.156140000000002,0.42381588846834695,2.4452841430721826,90.64000000000001,-7.8,-9_0.4
-9.0,0.4,3.0446000000000017,0.5411080051109693,2.292248591031173,96.45000000000002,-8.7,-9_0.4
-9.0,0.4,5.0629000000000035,0.4701989470246561,2.1911532813965096,81.43,-8.2,-9_0.4
-9.0,0.4,3.240000000000001,0.40332521608550304,4.10298327517134,104.73000000000002,-8.9,-9_0.4
-9.0,0.4,4.049200000000002,0.3208123002390257,2.353774482548081,114.07000000000002,-8.7,-9_0.4
-9.0,0.4,4.691300000000004,0.35987202166563714,3.4073322177427148,103.37,-8.4,-9_0.4
-9.0,0.4,2.0242000000000004,0.4424586546752555,2.9342507197029537,107.73999999999998,-9.2,-9_0.4
-9.0,0.4,2.8782000000000014,0.4689283845430443,2.4435578033488046,93.86,-8.7,-9_0.4
-9.0,0.4,2.855100000000001,0.33728007297824164,3.442034050387358,138.09,-9.4,-9_0.4
-9.0,0.4,4.930200000000005,0.37695098261459986,2.0104585811174776,44.120000000000005,-8.9,-9_0.4
-9.0,0.4,4.770420000000002,0.3714864767546665,2.4359105243063066,127.08000000000001,-8.8,-9_0.4
-9.0,0.4,5.899520000000005,0.38311436030752943,2.384542511626705,64.11,-9.1,-9_0.4
-9.0,0.4,4.814020000000005,0.43970264041674356,2.400554384536406,49.64000000000001,-8.5,-9_0.4
-9.0,0.4,5.256760000000004,0.43874492434867907,2.4529709731651685,70.5,-8.2,-9_0.4
-9.0,0.4,6.0178000000000065,0.4150356050648007,2.4671540627893283,54.46,-9.0,-9_0.4
-9.0,0.4,3.3054000000000023,0.39969441259330774,2.460440686726093,102.92000000000002,-9.1,-9_0.4
-9.0,0.4,-0.2050999999999945,0.36963816377695397,3.8058164820712497,156.18,-8.5,-9_0.4
-9.0,0.4,6.144120000000005,0.37024893291843697,2.5857456309666027,64.95,-9.0,-9_0.4
-9.0,0.4,3.919820000000003,0.3119226760789936,2.860150244420229,84.99000000000001,-8.1,-9_0.4
-9.0,0.4,3.834800000000003,0.6677266163517298,3.005285025407618,77.24,-8.8,-9_0.4
-9.0,0.4,3.2664000000000017,0.37940915372227485,3.5683731834142103,141.17000000000002,-8.2,-9_0.4
-9.0,0.4,6.037800000000005,0.3770062691178105,2.708606281376383,50.440000000000005,-10.1,-9_0.4
-9.0,0.4,1.9854,0.48216911456794315,3.426907154043559,92.59,-8.0,-9_0.4
-9.0,0.4,6.226300000000006,0.331002499676676,3.3379384770775165,71.25,-9.6,-9_0.4
-9.0,0.4,5.1657000000000055,0.48277972083072823,2.819367553961479,89.19000000000001,-8.9,-9_0.4
-9.0,0.4,5.771500000000006,0.32497579098912555,4.069399930962115,84.94,-9.1,-9_0.4
-9.0,0.4,4.821400000000003,0.4156851683131692,2.4794871861829186,74.61000000000001,-7.8,-9_0.4
-9.0,0.4,3.6830000000000025,0.5202628930869092,2.0442241866900943,70.92,-7.9,-9_0.4
-9.0,0.4,3.6137000000000015,0.32998352932134306,2.8524805617196503,126.88,-9.7,-9_0.4
-9.0,0.4,2.2118700000000002,0.37433883027181847,2.8634278902383734,125.58000000000001,-9.0,-9_0.4
-9.0,0.4,5.742720000000005,0.3855576082748154,3.3117666721702257,59.39,-8.3,-9_0.4
-9.0,0.4,4.165600000000003,0.41934141521989465,2.2223588677050596,82.71000000000001,-8.7,-9_0.4
-9.0,0.8,4.2429000000000014,0.8418398164078417,2.1495747380087984,55.400000000000006,-8.7,-9_0.8
-9.0,0.8,3.827900000000003,0.8433841372313423,2.938402635350963,32.78,-7.8,-9_0.8
-9.0,0.8,4.236100000000003,0.758922562241928,1.9455802765174894,48.99,-8.9,-9_0.8
-9.0,0.8,1.9052399999999996,0.8747098647844318,2.390288376638411,75.64,-8.8,-9_0.8
-9.0,0.8,2.0517,0.8055524761560865,3.393473897351427,67.51,-9.0,-9_0.8
-9.0,0.8,4.0888000000000035,0.7486513056581977,2.5605394617358677,26.79,-8.3,-9_0.8
-9.0,0.8,3.868900000000002,0.8675877718886739,4.466096669021931,46.53,-8.7,-9_0.8
-9.0,0.8,2.08882,0.7808863786394239,1.8665351588937078,63.99,-8.5,-9_0.8
-9.0,0.8,3.168000000000002,0.7596106837223489,2.8024200612350416,84.94,-9.0,-9_0.8
-9.0,0.8,3.6443400000000024,0.627069331017248,3.0873691639698126,43.370000000000005,-8.7,-9_0.8
-9.0,0.8,4.414600000000004,0.5962587300985894,2.299352360386422,56.730000000000004,-8.7,-9_0.8
-9.0,0.8,3.857300000000003,0.738425238118549,2.6296071042482225,67.50999999999999,-8.8,-9_0.8
-9.0,0.8,3.353600000000002,0.8482569490261075,2.0238377226631297,9.72,-8.5,-9_0.8
-9.0,0.8,3.6629200000000015,0.7562400901159468,2.418944672121887,64.00000000000001,-9.2,-9_0.8
-9.0,0.8,4.558380000000003,0.7094670791147669,3.712663691594962,64.41,-8.6,-9_0.8
-9.0,0.8,2.2115,0.791920931764823,1.8655571134964823,55.84,-8.4,-9_0.8
-9.0,0.8,2.125,0.8471645919639299,3.6409380368370288,60.77000000000001,-7.7,-9_0.8
-9.0,0.8,4.574520000000003,0.6689874771737704,2.187078326119229,67.23,-9.6,-9_0.8
-9.0,0.8,5.353800000000005,0.5142959402590321,4.0123484205798405,43.370000000000005,-9.0,-9_0.8
-9.0,0.8,5.556200000000003,0.655120178175927,2.539574694018995,61.440000000000005,-8.6,-9_0.8
-9.0,0.8,2.80018,0.69165959268231,3.7918209465245223,98.60999999999999,-9.0,-9_0.8
-9.0,0.8,2.860900000000001,0.7190426501675691,2.285471030543871,108.83000000000001,-8.1,-9_0.8
-9.0,0.8,3.818200000000002,0.7968348801222034,3.128290824987393,75.43,-9.1,-9_0.8
-9.0,0.8,2.01642,0.731122442755962,2.644121615178829,61.540000000000006,-8.0,-9_0.8
-9.0,0.8,2.522500000000001,0.6322433442842376,2.9918734323288785,82.37,-8.7,-9_0.8
-9.0,0.8,5.031000000000004,0.764055452216681,2.658290164369852,3.24,-8.4,-9_0.8
-9.0,0.8,4.531120000000004,0.6294426309635176,2.694521864578169,56.89,-8.2,-9_0.8
-9.0,0.8,3.938600000000002,0.6918639263360894,4.522922515527352,17.82,,-9_0.8
-9.0,0.8,2.12796,0.7380078315613668,5.069009022951813,145.13,-8.7,-9_0.8
-9.0,0.8,3.029600000000001,0.7615709904368316,2.377521227009243,57.78,-9.1,-9_0.8
-9.0,0.8,3.934700000000003,0.7524197190159586,2.6737066683238115,69.64,-9.0,-9_0.8
-9.0,0.8,4.610500000000004,0.7649820730975488,1.7208837967471968,41.99,-8.9,-9_0.8
-9.0,0.8,3.6522200000000025,0.8885822043217838,2.641607089019452,66.48,-8.9,-9_0.8
-9.0,0.8,5.5899000000000045,0.748862602719959,2.2294639510021224,29.1,-8.8,-9_0.8
-9.0,0.8,4.167840000000003,0.8784096007324281,2.4456411262865316,61.77,-9.1,-9_0.8
-9.0,0.8,4.411000000000004,0.8265376900138499,1.8474560653727234,66.48,-9.1,-9_0.8
-9.0,0.8,4.434700000000004,0.6670458124060773,2.782961948484541,28.480000000000004,-8.5,-9_0.8
-9.0,0.8,2.003199999999999,0.7685823814379624,2.5139252087793817,88.08000000000001,-9.1,-9_0.8
-9.0,0.8,1.9834999999999996,0.785193207488559,5.748658796791947,42.760000000000005,,-9_0.8
-9.0,0.8,5.034300000000004,0.7527458339026374,2.9370537110407806,32.78,-8.3,-9_0.8
-9.0,0.8,2.436000000000001,0.7553124675159519,2.8192669617358668,74.3,-8.1,-9_0.8
-9.0,0.8,4.009820000000003,0.6765290404026008,2.544570739693331,36.440000000000005,-8.5,-9_0.8
-9.0,0.8,2.6546400000000006,0.8978197255979704,1.5509904807061226,72.19,-8.9,-9_0.8
-9.0,0.8,3.3843000000000014,0.772263234087505,6.243606764261451,49.33,,-9_0.8
-9.0,0.8,3.193900000000001,0.6715114387760652,3.0841334837480483,65.36000000000001,-8.7,-9_0.8
-9.0,0.8,4.1041000000000025,0.8536582755474197,2.3099551575892185,43.370000000000005,-8.8,-9_0.8
-9.0,0.8,3.920300000000003,0.8596842926123868,3.348513337578612,57.38000000000001,-8.9,-9_0.8
-9.0,0.8,2.7414200000000015,0.8619809120003867,2.355572315484375,66.48,-8.4,-9_0.8
-9.0,0.8,2.3302000000000005,0.7605013714118869,2.186734903194557,85.37,-8.8,-9_0.8
-9.0,0.8,1.7898,0.7753177372585055,3.2088386457775258,96.97000000000001,-9.3,-9_0.8
-9.0,0.8,5.131000000000005,0.7622002946398508,3.797840864631092,20.310000000000002,-8.9,-9_0.8
-9.0,0.8,2.785800000000001,0.7785700099869481,2.0661309085462474,84.94000000000001,-8.6,-9_0.8
-9.0,0.8,3.662800000000003,0.7732445002334587,4.827833393250309,74.69,-9.0,-9_0.8
-9.0,0.8,4.183100000000002,0.7757387424369417,2.0231466368791597,56.27000000000001,-8.2,-9_0.8
-9.0,0.8,3.442120000000002,0.7894292926518446,4.027243299201691,75.94,-8.8,-9_0.8
-9.0,0.8,3.8575200000000027,0.7677317592649556,2.006174828012224,75.27,-8.6,-9_0.8
-9.0,0.8,2.9699800000000014,0.8808702765208215,3.2334584278871095,70.12,-8.6,-9_0.8
-9.0,0.8,4.419300000000003,0.6378737999442295,2.180140623066899,46.34,-8.9,-9_0.8
-9.0,0.8,4.199400000000003,0.8597533991723765,3.091899971816444,38.33,-8.3,-9_0.8
-9.0,0.8,1.9767199999999998,0.7867274076251767,3.0263230983047915,53.74000000000001,-8.4,-9_0.8
-9.0,0.8,0.37260000000000204,0.7886020460233192,3.724473683718319,105.02,-8.2,-9_0.8
-9.0,0.8,3.913800000000003,0.7167274193033376,2.067077558883863,63.69,-9.0,-9_0.8
-9.0,0.8,0.7549999999999994,0.707610936854313,3.5807444608257297,117.33000000000001,-9.7,-9_0.8
-9.0,0.8,1.4086999999999998,0.7624165814493021,2.0921127237190262,94.17,-9.0,-9_0.8
-9.0,0.8,5.318000000000005,0.7481222206047253,2.9864402977984312,37.27,-8.0,-9_0.8
-9.0,0.8,2.239,0.7958776388987994,1.9352254461304863,43.86000000000001,-8.9,-9_0.8
-9.0,0.8,2.01872,0.8448917744113376,2.2805527134922805,79.78999999999999,-8.0,-9_0.8
-9.0,0.8,3.2879000000000014,0.8998288179813813,2.1279946156841767,57.7,-8.9,-9_0.8
-9.0,0.8,2.750800000000001,0.8334021458157922,2.7426930866988073,36.02,-8.1,-9_0.8
-9.0,0.8,2.9804200000000014,0.7996225434098042,3.0625976907212724,78.51,-9.0,-9_0.8
-9.0,0.8,3.9107400000000023,0.782563317313977,2.9869172334073184,80.23,-8.9,-9_0.8
-9.0,0.8,2.7182000000000013,0.8571267983362729,2.7018742227967394,48.0,-8.3,-9_0.8
-9.0,0.8,4.717300000000004,0.7270355375106885,2.1869273649601375,35.58,-7.9,-9_0.8
-9.0,0.8,2.6947,0.6846781112785761,2.284922379950727,87.30000000000001,-7.7,-9_0.8
-9.0,0.8,4.269300000000003,0.6691947943431591,2.9542740988445573,61.28,-8.9,-9_0.8
-9.0,0.8,1.6371999999999998,0.7076922330050003,3.363448197286912,106.49,-8.1,-9_0.8
-9.0,0.8,4.2336000000000045,0.6921390594705604,3.3873609008892487,39.410000000000004,-8.1,-9_0.8
-9.0,0.8,2.3917,0.6996082791868906,3.4243868511330655,62.32000000000001,-7.1,-9_0.8
-9.0,0.8,3.023500000000001,0.790208418568458,2.9349766345404973,86.78999999999999,-8.8,-9_0.8
-9.0,0.8,2.1814,0.7923417329124414,4.046169468270785,92.32000000000001,-8.4,-9_0.8
-9.0,0.8,3.3223400000000023,0.8787634198084933,2.2239925540389223,58.53,-9.2,-9_0.8
-9.0,0.8,3.281200000000002,0.7565578638517462,2.273006927209474,38.379999999999995,-7.4,-9_0.8
-9.0,0.8,1.2534999999999998,0.8462620832417683,3.1084656407956652,110.80000000000001,-8.7,-9_0.8
-9.0,0.8,3.675300000000002,0.8080679918218491,1.8107950279251988,61.440000000000005,-8.1,-9_0.8
-9.0,0.8,4.216020000000003,0.611745471084398,3.312655994534115,52.980000000000004,-8.5,-9_0.8
-9.0,0.8,3.2070000000000016,0.8700614750498987,2.1789382338542715,66.48,-8.8,-9_0.8
-9.0,0.8,1.8352,0.7682318426891018,2.0696927077485476,97.38,-8.8,-9_0.8
-9.0,0.8,6.626600000000007,0.4919391338411917,2.9152982408563926,0.0,-9.2,-9_0.8
-9.0,0.8,3.7314000000000016,0.8633074264437988,1.3874973510713282,29.1,-8.0,-9_0.8
-9.0,0.8,2.3142000000000005,0.7723499027880019,2.276982504016676,74.76,-8.8,-9_0.8
-9.0,0.8,4.882000000000002,0.6833977634888392,2.259628731591828,55.13,-8.9,-9_0.8
-9.0,0.8,2.963700000000001,0.756333046408772,2.026288865871619,60.910000000000004,-9.2,-9_0.8
-9.0,0.8,3.393440000000002,0.8234002357833926,2.3958881736165214,67.43,-8.3,-9_0.8
-9.0,0.8,3.7790000000000026,0.7781765990530227,2.731494098844557,42.31,-8.8,-9_0.8
-9.0,0.8,3.2120000000000015,0.7924469234355546,4.151967806794249,49.410000000000004,-8.9,-9_0.8
-9.0,0.8,5.258120000000004,0.7506629917878136,4.221188728726307,58.2,-9.9,-9_0.8
-9.0,0.8,4.132000000000003,0.9053640695996464,1.9732502802636809,41.99,-8.7,-9_0.8
-9.0,0.8,3.13666,0.7456948286509645,2.526293194345932,109.79999999999998,-8.3,-9_0.8
-9.0,0.8,3.5320800000000023,0.8360460291180406,3.2443402753609307,53.33,-9.1,-9_0.8
-9.0,0.8,4.472400000000004,0.8875813022368411,1.7653182144373183,49.410000000000004,-8.8,-9_0.8
-9.0,0.8,1.8078999999999998,0.713228807649958,2.339557961838022,121.44,-9.2,-9_0.8
-9.0,0.8,3.044800000000002,0.9280324158773773,1.8622341417826593,49.410000000000004,-8.9,-9_0.8
-9.0,0.8,3.994600000000002,0.7461030578079347,2.217603744537847,73.05,-9.5,-9_0.8
-9.0,0.8,3.0440000000000014,0.6827678975751931,1.981171940806,59.5,-9.4,-9_0.8
-9.0,0.8,3.064700000000002,0.7672564578159063,2.0654580319737814,42.010000000000005,-8.3,-9_0.8
-9.0,0.8,4.266000000000003,0.7114878206084805,2.227578049363455,44.120000000000005,-8.8,-9_0.8
-9.0,0.8,4.3533000000000035,0.7600165396395466,2.3994285928102865,37.38,-8.6,-9_0.8
-9.0,0.8,4.3125000000000036,0.6852138325089535,2.1699388767452152,42.43000000000001,-8.1,-9_0.8
-9.0,0.8,4.989300000000005,0.767206992534525,2.4973858749093765,3.24,-9.4,-9_0.8
-9.0,0.8,2.721400000000001,0.8070082284868461,3.0579806804569065,74.03000000000002,-9.2,-9_0.8
-9.0,0.8,4.251100000000003,0.5834410208195061,1.6927472390371818,44.89,-8.8,-9_0.8
-9.0,0.8,3.7304400000000033,0.6867527195172826,2.279986626120687,37.61,-8.3,-9_0.8
-9.0,0.8,2.1878,0.8360273149629128,3.904907666294166,77.12,-9.2,-9_0.8
-9.0,0.8,3.277800000000002,0.7479356607638423,3.037515084373042,70.05000000000001,-8.7,-9_0.8
-9.0,0.8,3.4615000000000027,0.629690663621553,3.8350735097705684,66.75999999999999,-8.3,-9_0.8
-9.0,0.8,4.575100000000003,0.7572078772270001,2.182422116491967,20.310000000000002,-8.0,-9_0.8
-9.0,0.8,3.2612000000000023,0.81875819452677,1.9096437756032039,75.71000000000001,-8.3,-9_0.8
-9.0,0.8,3.412200000000002,0.7616256405080102,2.6829360016785664,73.59,-8.0,-9_0.8
-9.0,0.8,3.3748000000000022,0.8440758623171846,2.3512049092064427,75.71000000000001,-8.5,-9_0.8
-9.0,0.8,1.7309999999999994,0.8341827183128113,2.0345767754318924,94.17000000000002,-9.1,-9_0.8
-9.0,0.8,3.314840000000003,0.8719430074829785,2.2185727393847987,71.41,-8.6,-9_0.8
-9.0,0.8,3.2387000000000015,0.7736743288671218,2.3635820858838716,66.48,-8.4,-9_0.8
-9.0,0.8,1.9073999999999993,0.8134872447520771,2.949371558040376,96.02000000000001,-9.0,-9_0.8
-9.0,0.8,2.0827999999999998,0.7897313712134201,4.009634605118126,82.87,-8.6,-9_0.8
-6.0,0.4,0.4357,0.5003946059805403,3.463355632875211,55.84,-5.7,-6_0.4
-6.0,0.4,1.113799999999999,0.493884298615321,3.0567623512732345,103.7,-6.0,-6_0.4
-6.0,0.4,4.096790000000002,0.4613077457445596,2.575316799809709,59.300000000000004,-6.3,-6_0.4
-6.0,0.4,1.9182,0.5508491647316694,2.7171622424968724,55.98,-6.0,-6_0.4
-6.0,0.4,0.07240000000000008,0.2485952515286139,2.637683640183498,135.89,-5.8,-6_0.4
-6.0,0.4,0.8175999999999997,0.706112624877388,2.6111610590649192,71.17,-6.2,-6_0.4
-6.0,0.4,1.1084999999999998,0.30959899419190706,2.4970863434154182,95.96,-5.7,-6_0.4
-6.0,0.4,1.4406999999999999,0.33909849821653726,2.3447299827640453,101.05000000000001,-6.8,-6_0.4
-6.0,0.4,-1.957499999999998,0.42859921192975126,2.631455091366952,124.6,-6.2,-6_0.4
-6.0,0.4,4.505240000000004,0.3617131195300498,2.197499861325504,42.85,-6.3,-6_0.4
-6.0,0.4,2.2318,0.35550471206074646,4.139721322656957,94.94,-6.9,-6_0.4
-6.0,0.4,0.03009999999999957,0.7638492001154022,2.5252949672135987,101.57000000000002,-7.2,-6_0.4
-6.0,0.4,-0.29080000000000034,0.5457401877606469,2.1818754470605217,138.59,-6.5,-6_0.4
-6.0,0.4,1.2365999999999997,0.4349782255417428,3.3074722067515676,78.9,-5.6,-6_0.4
-6.0,0.4,4.046800000000002,0.30410173919994776,3.0403477056661403,46.09,-6.5,-6_0.4
-6.0,0.4,1.9735,0.4055675525515911,4.017154090148052,69.89,-5.9,-6_0.4
-6.0,0.4,-2.6184299999999983,0.40901255410351256,3.376371392504109,160.52,-6.0,-6_0.4
-6.0,0.4,3.5741000000000023,0.5474021820554413,2.0988354450988442,41.29,-5.7,-6_0.4
-6.0,0.4,1.0869899999999997,0.5876942139519798,2.808646007700073,65.18,-5.8,-6_0.4
-6.0,0.4,0.8814000000000002,0.34942304758448317,2.851186314282028,92.54000000000002,-5.7,-6_0.4
-6.0,0.4,2.4963000000000006,0.3555424527548912,2.5993702336842226,81.79999999999998,-6.4,-6_0.4
-6.0,0.4,4.061500000000003,0.24550209961143493,2.824615328053344,43.370000000000005,-5.8,-6_0.4
-6.0,0.4,1.6797,0.4490641283045785,1.9848419664559405,112.58000000000001,-5.9,-6_0.4
-6.0,0.4,2.6769000000000007,0.35037460534203746,2.508104081840557,86.49000000000001,-6.7,-6_0.4
-6.0,0.4,3.106200000000002,0.47540658204340114,2.8889510077966136,35.83,-6.6,-6_0.4
-6.0,0.4,1.7263,0.5239550160650148,1.867303925833001,60.21,-5.7,-6_0.4
-6.0,0.4,-0.33949999999999964,0.3341322934494884,4.5850084623692196,134.66,-6.9,-6_0.4
-6.0,0.4,4.018120000000002,0.3766677542377389,2.1443481406754614,61.830000000000005,-6.7,-6_0.4
-6.0,0.4,1.301,0.4698634814803056,3.3081695110329115,80.04,-6.2,-6_0.4
-6.0,0.4,-2.0535999999999968,0.5095252748194732,3.347262053484335,182.09,-6.2,-6_0.4
-6.0,0.4,-1.4012999999999982,0.1963803367823668,2.1805464901433833,75.43,-5.3,-6_0.4
-6.0,0.4,2.0373999999999994,0.5968248612000726,2.075819047230599,48.91,-5.8,-6_0.4
-6.0,0.4,4.677500000000003,0.5109722814957437,2.003978234512296,33.29,-6.3,-6_0.4
-6.0,0.4,-0.6729999999999989,0.3132856741114136,4.596308660254747,147.16000000000003,-7.0,-6_0.4
-6.0,0.4,0.7211999999999996,0.37048506723669833,3.4449954366372006,136.51000000000002,-6.0,-6_0.4
-6.0,0.4,-4.042999999999998,0.25025072154453926,3.9746246272835837,173.69999999999996,-6.2,-6_0.4
-6.0,0.4,1.69936,0.5132107443198624,2.6598589807780577,73.6,-5.5,-6_0.4
-6.0,0.4,0.71867,0.7018694105370044,3.6257364279943953,93.57,-6.5,-6_0.4
-6.0,0.4,4.328100000000004,0.40056709007078695,3.3321836215555516,23.47,-6.0,-6_0.4
-6.0,0.4,1.2915999999999999,0.47711636344570224,3.6437392645308337,89.31,-6.0,-6_0.4
-6.0,0.4,2.437800000000001,0.37953343405352863,2.2287221952226837,45.650000000000006,-6.3,-6_0.4
-6.0,0.4,3.0511,0.48948205513558274,2.5394393723191655,110.34,-6.6,-6_0.4
-6.0,0.4,3.808900000000003,0.4853510639863325,4.65021656389032,35.830000000000005,-7.1,-6_0.4
-6.0,0.4,6.972700000000009,0.2710247864379215,2.340329410324861,3.88,-5.9,-6_0.4
-6.0,0.4,1.67818,0.5462824172969508,1.9179974423165191,61.089999999999996,-5.6,-6_0.4
-6.0,0.4,3.0759000000000007,0.7376940083419826,1.8875878266132329,35.58,-6.8,-6_0.4
-6.0,0.4,2.4586200000000007,0.3613022552460394,2.5773748874390456,136.67,-7.1,-6_0.4
-6.0,0.4,4.130220000000002,0.5219896153607407,3.120932349760915,54.6,-6.2,-6_0.4
-6.0,0.4,2.9936000000000007,0.6442324886984576,3.3167843234951215,77.52,-7.0,-6_0.4
-6.0,0.4,2.7993000000000015,0.33504393624286677,2.066851339158015,55.61,-6.4,-6_0.4
-6.0,0.4,3.9986000000000033,0.2579862545800719,4.045607204891313,80.29000000000002,-5.7,-6_0.4
-6.0,0.4,-0.36739999999999995,0.5181724088158179,2.153420871591953,40.54,-3.2,-6_0.4
-6.0,0.4,1.519299999999999,0.44545488090017155,2.80097458660023,36.51,-6.0,-6_0.4
-6.0,0.4,2.4321,0.5803955372432138,2.4679271587636347,38.33,-6.0,-6_0.4
-6.0,0.4,1.5518,0.42132398110581076,2.981887662096737,58.74,-5.2,-6_0.4
-6.0,0.4,0.49679999999999996,0.3878792318485496,2.7788501742937477,137.97000000000003,-6.5,-6_0.4
-6.0,0.4,4.393300000000004,0.49223432444803855,2.522095949799432,36.690000000000005,-5.8,-6_0.4
-6.0,0.4,-0.7485999999999986,0.32460569382922316,3.8741552801132624,145.3,-6.1,-6_0.4
-6.0,0.4,0.6862699999999998,0.36575792120908035,1.846097508769061,71.13,-5.9,-6_0.4
-6.0,0.4,-1.8594999999999966,0.39341425106611505,4.414888701145189,125.76,-5.5,-6_0.4
-6.0,0.4,4.452100000000003,0.6746836120705144,2.869477620043531,47.09,-6.3,-6_0.4
-6.0,0.4,-0.7829999999999997,0.609726285284996,2.444747706117562,146.34,-5.5,-6_0.4
-6.0,0.4,1.9475,0.5972862694877727,2.3711169837194888,44.7,-6.7,-6_0.4
-6.0,0.4,0.7219699999999999,0.4105045886276387,1.8154822051253365,91.0,-6.2,-6_0.4
-6.0,0.4,2.8546000000000005,0.3417374537845182,2.9814782298130673,81.17999999999999,-6.8,-6_0.4
-6.0,0.4,4.193200000000004,0.4058663524799512,2.0481312630959874,55.17,-5.8,-6_0.4
-6.0,0.4,1.6653999999999998,0.3422977096288862,2.163326782975858,55.120000000000005,-5.8,-6_0.4
-6.0,0.4,1.8345,0.3324237139555315,2.2102569644534533,52.6,-5.6,-6_0.4
-6.0,0.4,2.6220000000000008,0.5581842435189857,3.737718517328271,49.660000000000004,-6.0,-6_0.4
-6.0,0.4,4.150000000000003,0.516969124018196,3.205479849068838,29.1,-6.3,-6_0.4
-6.0,0.4,3.647000000000002,0.5220712097493513,2.4173622233025043,25.78,-6.3,-6_0.4
-6.0,0.4,5.811100000000005,0.5472739473096382,1.9820572680748487,25.02,-6.9,-6_0.4
-6.0,0.4,2.2427200000000003,0.5871346007073883,3.081770932037209,3.88,-5.6,-6_0.4
-6.0,0.4,3.0061000000000018,0.271638130064967,3.570600490293992,100.53999999999999,-7.0,-6_0.4
-6.0,0.4,1.4886999999999995,0.3130519117729031,3.027412556731589,101.9,-5.7,-6_0.4
-6.0,0.4,4.201900000000003,0.6308647904687202,1.8488372332940788,9.23,-6.2,-6_0.4
-6.0,0.4,1.8605,0.7785594457028012,2.089308403791982,29.1,-6.1,-6_0.4
-6.0,0.4,1.7105999999999992,0.6146301988782885,2.0318886972251704,106.97,-6.8,-6_0.4
-6.0,0.4,4.390000000000003,0.20030634167599984,3.7125710397445406,65.07,-5.7,-6_0.4
-6.0,0.4,2.7248,0.7616523843058642,3.20326586627705,41.18,-6.0,-6_0.4
-6.0,0.4,3.7138000000000018,0.34342132301208617,3.374068374716922,111.16000000000001,-6.7,-6_0.4
-6.0,0.4,2.696980000000001,0.6391852557875134,2.1524142741482493,61.089999999999996,-7.0,-6_0.4
-6.0,0.4,0.5813999999999995,0.5357494085551018,3.291373537289786,64.07,-5.7,-6_0.4
-6.0,0.4,1.4344999999999997,0.2900359691847085,1.779889567066462,58.61,-5.8,-6_0.4
-6.0,0.4,1.1087999999999991,0.5593946448660602,2.962072265944858,118.57,-7.0,-6_0.4
-6.0,0.4,3.2903600000000006,0.6830565300186201,3.349798130664989,71.97,-6.2,-6_0.4
-6.0,0.4,-1.467999999999999,0.5188556056134779,2.4704524469751483,175.44,-5.9,-6_0.4
-6.0,0.4,1.7279999999999993,0.5730917243377994,1.893329579838067,53.16,-6.5,-6_0.4
-6.0,0.4,1.7957999999999994,0.636841689927537,3.3535827977456716,120.77000000000001,-6.7,-6_0.4
-6.0,0.4,1.6552000000000011,0.4227428100818233,2.1922076823822394,122.99,-6.6,-6_0.4
-6.0,0.4,2.5243,0.7798306657117748,3.457364120413809,32.67,-6.5,-6_0.4
-6.0,0.4,1.5106,0.4607306955840145,1.9402787097982888,72.24000000000001,-6.3,-6_0.4
-6.0,0.4,-2.767999999999998,0.21719630074694588,4.259528995574911,158.1,-6.6,-6_0.4
-6.0,0.4,0.2618999999999998,0.2686320068627491,2.1743698917870304,99.41,-6.2,-6_0.4
-6.0,0.4,-2.801099999999999,0.4245915046895483,2.50060677214576,170.15999999999997,-6.1,-6_0.4
-6.0,0.4,2.3975,0.6128854337385359,2.4562932694386728,65.22,-6.1,-6_0.4
-6.0,0.4,0.6447,0.44718398892560673,2.4571934738335024,120.85,,-6_0.4
-6.0,0.4,1.8692,0.47671170311475924,3.055551195726993,50.52,-5.9,-6_0.4
-6.0,0.4,5.268000000000005,0.43160692334790396,2.1917682073862217,3.88,-6.8,-6_0.4
-6.0,0.4,4.805700000000004,0.39137504982825094,3.1815355768898614,63.6,-6.0,-6_0.4
-6.0,0.4,1.7656,0.6437718350642256,5.373379942847716,48.19,,-6_0.4
-6.0,0.4,1.0025699999999995,0.45613252127720505,2.674482837378026,100.28,-6.5,-6_0.4
-6.0,0.4,4.452100000000003,0.45399487783442904,2.3645520572615855,54.27,-5.7,-6_0.4
-6.0,0.4,1.6335999999999993,0.28896624302948787,3.913735670882783,115.69,-6.1,-6_0.4
-6.0,0.4,-0.33410000000000006,0.5642735490684276,2.123091197225172,117.0,-6.0,-6_0.4
-6.0,0.4,1.0630000000000002,0.5817618979494258,2.204961690232487,78.76,-5.5,-6_0.4
-6.0,0.4,1.7111999999999985,0.41108854369588893,4.126293337069564,92.95,-6.6,-6_0.4
-6.0,0.4,0.32659999999999983,0.4540719252296079,2.346140427994401,123.52999999999999,-5.7,-6_0.4
-6.0,0.4,2.1824,0.48064102891937693,2.919824349474206,70.97,-6.9,-6_0.4
-6.0,0.4,0.3215,0.6961549344152325,3.581260461037062,74.05,-6.0,-6_0.4
-6.0,0.4,1.4107999999999996,0.5301931050458845,2.561694635663711,46.010000000000005,-5.7,-6_0.4
-6.0,0.4,2.994080000000001,0.630493664192632,2.880253027516426,66.58,-6.5,-6_0.4
-6.0,0.4,-0.042300000000000004,0.5644387983552558,1.903709658763633,126.61000000000001,-6.1,-6_0.4
-6.0,0.4,0.8984999999999999,0.35886148710568944,2.470398870887946,90.12,-5.9,-6_0.4
-6.0,0.4,0.053899999999999726,0.6083691891764706,2.3460943424515577,127.58999999999999,-6.9,-6_0.4
-6.0,0.4,1.4635399999999996,0.360629415262668,1.995511398360474,50.08,-5.9,-6_0.4
-6.0,0.4,4.008600000000002,0.32203344052156785,3.046240252690712,57.690000000000005,-5.8,-6_0.4
-6.0,0.4,3.3500200000000016,0.6889776616116967,2.294948767056674,57.650000000000006,-6.1,-6_0.4
-6.0,0.4,1.1529,0.48004171209041013,2.4748157953914376,77.15,-5.8,-6_0.4
-6.0,0.4,1.3041,0.29631174381967174,2.826505158893708,109.62,-7.3,-6_0.4
-6.0,0.4,0.2518999999999998,0.40952262521148375,2.551849902793469,113.36999999999998,-6.4,-6_0.4
-6.0,0.8,1.9745,0.7862809249104552,2.564154829863382,46.09,-5.7,-6_0.8
-6.0,0.8,3.0412000000000012,0.6366915414335241,2.6840623670686554,35.25,-5.2,-6_0.8
-6.0,0.8,2.0080999999999998,0.8053787096380427,2.8210311912214543,33.95,-6.1,-6_0.8
-6.0,0.8,1.9456,0.6731364335117319,2.398454274148248,60.440000000000005,-5.7,-6_0.8
-6.0,0.8,2.3657000000000004,0.5850023701571025,3.059781600242693,57.120000000000005,-5.9,-6_0.8
-6.0,0.8,3.555500000000002,0.7488880455214544,1.845524907426892,12.89,-6.9,-6_0.8
-6.0,0.8,0.4800999999999995,0.721493686529862,1.7457724467257911,63.68,-5.9,-6_0.8
-6.0,0.8,1.6438,0.8105135526729407,2.923486479149936,78.87,-6.5,-6_0.8
-6.0,0.8,2.824020000000001,0.6904715627926972,3.186553865044365,34.14,-5.7,-6_0.8
-6.0,0.8,1.01848,0.7564165133068192,3.394633289575557,70.12,-6.1,-6_0.8
-6.0,0.8,2.701900000000001,0.8079690759017374,2.103346274148249,41.99,-7.0,-6_0.8
-6.0,0.8,1.3170999999999997,0.8425042280321733,1.8585130460886194,27.74,-6.5,-6_0.8
-6.0,0.8,1.4488999999999999,0.8079402744660658,2.238662814179646,59.81,-6.3,-6_0.8
-6.0,0.8,1.6877,0.7598722816653288,2.00703808379601,58.64,-6.0,-6_0.8
-6.0,0.8,1.3674999999999997,0.8217145434143738,2.7509648349566973,67.27,-6.3,-6_0.8
-6.0,0.8,2.4000000000000004,0.6994224273446543,3.0939541569605744,24.39,-5.8,-6_0.8
-6.0,0.8,2.529700000000001,0.7806867685371199,2.9907452721457624,41.900000000000006,-7.1,-6_0.8
-6.0,0.8,2.9940000000000015,0.8079644042635651,3.2830495395787285,19.03,-6.2,-6_0.8
-6.0,0.8,2.6489400000000014,0.7433912606386257,2.5420729710086043,21.700000000000003,-6.4,-6_0.8
-6.0,0.8,0.6518000000000002,0.810748769418263,1.9358704789261498,97.46,-6.0,-6_0.8
-6.0,0.8,2.1930000000000005,0.7790054500253293,1.7939238599637157,37.38,-6.1,-6_0.8
-6.0,0.8,2.868100000000001,0.8023157966540855,1.7174706099340113,42.519999999999996,-6.2,-6_0.8
-6.0,0.8,0.29530000000000034,0.7058066263605783,2.1889884753483315,49.85000000000001,-6.0,-6_0.8
-6.0,0.8,2.739300000000001,0.7972540573712901,1.6787388433119688,49.33,-6.1,-6_0.8
-6.0,0.8,2.2544000000000004,0.806406054142018,2.466728475348333,60.16,-6.4,-6_0.8
-6.0,0.8,-1.615099999999999,0.6832097429547183,2.5254185029149916,154.45999999999998,-5.8,-6_0.8
-6.0,0.8,-0.09210000000000007,0.6948552327733525,2.535390707714683,94.99000000000001,-5.9,-6_0.8
-6.0,0.8,1.9943,0.7386264309603754,1.8598199319907316,29.540000000000003,-6.4,-6_0.8
-6.0,0.8,1.061,0.7257842618616955,1.8750396851292876,52.83,-6.1,-6_0.8
-6.0,0.8,2.2643000000000004,0.7363256199080204,1.949730321601118,28.16,-6.1,-6_0.8
-6.0,0.8,2.9368000000000016,0.7951319783866204,2.1490358144887534,29.1,-6.0,-6_0.8
-6.0,0.8,1.8994999999999997,0.8440314102976411,2.1211156203020956,67.27,-6.6,-6_0.8
-6.0,0.8,3.075000000000002,0.8070040527915807,2.7116066039244586,37.3,-6.4,-6_0.8
-6.0,0.8,2.9494000000000016,0.9127442162520393,2.6936815738343505,28.16,-6.5,-6_0.8
-6.0,0.8,2.946300000000001,0.8403178089694409,2.674108615208471,27.05,-5.8,-6_0.8
-6.0,0.8,3.2379000000000007,0.714425372734363,2.4050497292188044,12.89,-5.7,-6_0.8
-6.0,0.8,0.4719999999999999,0.6425829681498131,3.690420827972316,57.61,-5.8,-6_0.8
-6.0,0.8,2.3584000000000005,0.6945460785822819,2.443185026160668,53.35000000000001,-6.3,-6_0.8
-6.0,0.8,2.7062999999999997,0.7991245306530724,2.1332796668487433,50.440000000000005,-5.6,-6_0.8
-6.0,0.8,4.033340000000003,0.624163659400517,2.1913755834772175,29.1,-6.3,-6_0.8
-6.0,0.8,3.468580000000001,0.8965454821888772,2.43562328945735,73.2,-6.9,-6_0.8
-6.0,0.8,2.6168000000000013,0.8041899346291597,1.497508475348333,50.36,-6.1,-6_0.8
-6.0,0.8,1.4486199999999998,0.7813061714567408,2.791658100485037,69.87,-5.8,-6_0.8
-6.0,0.8,3.031900000000001,0.8289554596873404,2.7113111740031037,48.64,-6.6,-6_0.8
-6.0,0.8,0.9188399999999999,0.7446816041112162,2.027189071275794,72.19,-5.4,-6_0.8
-6.0,0.8,2.4262000000000006,0.8340571537897097,2.4096096840990864,35.010000000000005,-5.8,-6_0.8
-6.0,0.8,2.599100000000001,0.7219334143549658,3.888797283907106,32.67,-6.2,-6_0.8
-6.0,0.8,2.4275,0.8290527655093949,1.94759775825616,36.95,-6.7,-6_0.8
-6.0,0.8,1.0963999999999998,0.8569132939095797,1.621392798481061,41.57000000000001,-6.8,-6_0.8
-6.0,0.8,0.17690000000000017,0.8041461545760115,2.534533090732948,81.22,-6.2,-6_0.8
-6.0,0.8,2.4411400000000008,0.66092600337173,2.199724754960817,55.400000000000006,-7.0,-6_0.8
-6.0,0.8,2.0581,0.8843714367103953,2.4577207830406387,46.4,-5.8,-6_0.8
-6.0,0.8,3.074720000000001,0.38079308765786973,3.051316632772304,46.53,-6.1,-6_0.8
-6.0,0.8,0.9363999999999988,0.7768040143633508,1.7959946291944853,71.09,-6.1,-6_0.8
-6.0,0.8,0.6971,0.7187480329330035,2.8769956781455353,52.980000000000004,-6.5,-6_0.8
-6.0,0.8,1.80008,0.7656528796843701,2.85643523899272,75.87,-7.0,-6_0.8
-6.0,0.8,2.5105000000000004,0.8490025839945853,1.631324907426892,24.92,-6.8,-6_0.8
-6.0,0.8,2.696300000000001,0.7788412611867074,1.857383790033646,29.54,-6.1,-6_0.8
-6.0,0.8,3.1529000000000016,0.8307688474100591,2.4508905427752943,21.259999999999998,-5.5,-6_0.8
-6.0,0.8,3.5248000000000026,0.8447493590251195,1.9316593851350294,59.59,-6.2,-6_0.8
-6.0,0.8,2.0362999999999998,0.8568386347085397,2.224918033153674,73.86000000000001,-6.7,-6_0.8
-6.0,0.8,1.9662,0.8388181788868032,2.3336036946557392,59.81,-6.1,-6_0.8
-6.0,0.8,1.1976699999999993,0.7356961076515,3.460672876113808,73.26,-5.8,-6_0.8
-6.0,0.8,1.0948999999999995,0.8259411128893651,3.7824768679519973,83.72,-6.5,-6_0.8
-6.0,0.8,0.9138999999999999,0.7933146466039329,2.469056517306374,63.99,-6.0,-6_0.8
-6.0,0.8,3.354800000000002,0.836068036697991,1.557502090377664,24.06,-6.1,-6_0.8
-6.0,0.8,0.08220000000000005,0.7496680535584055,2.06073677569235,71.53,-6.1,-6_0.8
-6.0,0.8,2.4281999999999995,0.7525989635350205,2.7063399568744053,66.4,-5.9,-6_0.8
-6.0,0.8,2.1479999999999997,0.827307788291212,2.2268425719494065,72.19,-5.9,-6_0.8
-6.0,0.8,-0.43439999999999945,0.7611443640640516,2.282542321502177,85.52,-5.4,-6_0.8
-6.0,0.8,2.3510999999999997,0.7355777944957954,2.722315049542889,32.26,-6.1,-6_0.8
-6.0,0.8,2.8233000000000006,0.8502461886505497,2.329660362527955,39.94,-6.3,-6_0.8
-6.0,0.8,0.8273800000000001,0.7941689384158577,3.5031074219548053,70.12,-5.4,-6_0.8
-6.0,0.8,-0.12400000000000005,0.5878777377620439,1.898626447376305,84.58,-5.8,-6_0.8
-6.0,0.8,3.9807200000000025,0.8012184444100996,1.549524893447538,12.03,-6.5,-6_0.8
-6.0,0.8,1.2639,0.8162713030108545,2.232098118299607,89.62,-6.1,-6_0.8
-6.0,0.8,0.9140999999999997,0.710159716755869,2.2128990841980425,86.63000000000001,-6.4,-6_0.8
-6.0,0.8,3.832900000000002,0.8306209268923298,2.25442764934448,38.91,-5.9,-6_0.8
-6.0,0.8,2.2546999999999997,0.7525624649902933,1.6883091886782644,41.99,-6.1,-6_0.8
-6.0,0.8,2.509500000000001,0.9078752695090713,2.8352913475900063,24.5,-5.7,-6_0.8
-6.0,0.8,2.4041000000000006,0.8642314246078099,2.937809075836837,41.62,-6.1,-6_0.8
-6.0,0.8,2.2603,0.7823329193081301,2.245494274148248,46.61,-6.3,-6_0.8
-6.0,0.8,1.8615199999999998,0.7962411584890138,2.3184947557326243,47.04,-5.5,-6_0.8
-6.0,0.8,3.3259000000000016,0.7225154427109202,1.4052126682437347,3.24,-6.0,-6_0.8
-6.0,0.8,1.40858,0.7863150381147455,3.221631588375475,70.12,-6.4,-6_0.8
-6.0,0.8,0.7507399999999997,0.7540000544884669,2.228974769750412,85.25,-5.9,-6_0.8
-6.0,0.8,5.5858000000000025,0.6982058709199196,2.514914629194486,0.0,-6.6,-6_0.8
-6.0,0.8,1.7785999999999993,0.728281708346501,1.819785398425255,55.4,-6.2,-6_0.8
-6.0,0.8,2.6093,0.7845610350560517,2.85311988258254,40.54,-6.0,-6_0.8
-6.0,0.8,3.917500000000002,0.8353330037149419,1.9577643783873881,36.95,-6.6,-6_0.8
-6.0,0.8,2.453920000000001,0.8333584956246282,4.112906748171687,73.91,-6.2,-6_0.8
-6.0,0.8,1.3445999999999998,0.7864772130870243,1.9081338875303775,40.620000000000005,-6.1,-6_0.8
-6.0,0.8,2.01452,0.824764011274757,2.1342691047189604,32.34,-5.8,-6_0.8
-6.0,0.8,0.6280600000000001,0.7859990134906508,4.241428347921299,119.92999999999999,-6.6,-6_0.8
-6.0,0.8,2.864300000000001,0.7224612168342263,2.0447003575087255,51.81,-6.5,-6_0.8
-6.0,0.8,1.9525999999999997,0.7928265606291927,2.784266313565878,66.32000000000001,-6.3,-6_0.8
-6.0,0.8,2.0308,0.8264749124392294,2.8581721860792477,41.57,-6.3,-6_0.8
-6.0,0.8,3.087200000000001,0.8586134651523298,1.5779079780909733,38.33,-6.2,-6_0.8
-6.0,0.8,3.1813700000000003,0.6611331539471298,2.734613461998462,66.94,,-6_0.8
-6.0,0.8,4.255220000000003,0.8068907764437031,2.56883062308469,55.13,-6.9,-6_0.8
-6.0,0.8,0.8521999999999996,0.7882979317741767,1.726636794606513,81.42,-6.4,-6_0.8
-6.0,0.8,3.2238000000000007,0.795766678718494,2.511093662615215,37.81,-6.0,-6_0.8
-6.0,0.8,2.7307000000000006,0.5845885160888784,1.9979681596566348,37.3,-6.5,-6_0.8
-6.0,0.8,3.329720000000002,0.6683451484953232,2.218715328385233,50.36,-6.4,-6_0.8
-6.0,0.8,1.8159999999999998,0.8554690538231703,2.2328158066060677,49.33,-6.7,-6_0.8
-6.0,0.8,1.0144,0.7921990917333431,2.365017017621332,52.93000000000001,-6.2,-6_0.8
-6.0,0.8,4.159700000000002,0.8001271274166392,2.3159435264628723,50.36,-6.1,-6_0.8
-6.0,0.8,1.6132000000000002,0.8404005450572485,3.6475145885055484,53.93000000000001,-6.2,-6_0.8
-6.0,0.8,1.6212799999999998,0.783560403184431,2.343061204671537,39.06,-5.9,-6_0.8
-6.0,0.8,3.4643000000000015,0.8460631883139684,1.9110572514175281,42.519999999999996,-6.9,-6_0.8
-6.0,0.8,3.7349200000000025,0.6340810309282985,1.8351701536700098,24.06,-6.0,-6_0.8
-6.0,0.8,3.6000000000000023,0.8413238612635234,2.7865373150470383,77.25,-6.8,-6_0.8
-6.0,0.8,1.75132,0.8211765973281944,1.6824281956280522,66.4,-5.9,-6_0.8
-6.0,0.8,0.8596000000000003,0.8466545879562704,3.528207255280317,106.32999999999998,-6.7,-6_0.8
-6.0,0.8,2.0675999999999997,0.7178347990217363,1.9154047127552865,30.930000000000003,-6.1,-6_0.8
-6.0,0.8,3.310900000000002,0.8211928660705438,3.188454118407231,46.84,-6.3,-6_0.8
-6.0,0.8,2.4236000000000004,0.8520289221715943,1.9941026559503392,36.36,-6.8,-6_0.8
-6.0,0.8,0.2923999999999996,0.7411668203155194,1.552602831014383,89.25999999999999,-6.1,-6_0.8
-6.0,0.8,1.2759,0.727824341900183,2.0551491442446537,42.43000000000001,-5.9,-6_0.8
-6.0,0.8,1.5150000000000001,0.839954367360849,2.544656570961516,66.4,-6.2,-6_0.8
-6.0,0.8,2.1722,0.7437141392410368,1.6017301166489855,12.47,-5.8,-6_0.8
-6.0,0.8,2.21302,0.6753595205738077,2.529990201076753,40.71,-6.0,-6_0.8
-6.0,0.8,1.4268999999999996,0.7774290356197117,3.0611288551973352,46.33,-5.8,-6_0.8
-6.0,0.8,2.2213000000000003,0.6537889310669526,2.6507241069241694,58.36,-6.3,-6_0.8
-6.0,0.8,2.4939,0.7227391240372493,5.225786993385848,38.92,,-6_0.8
-6.0,0.8,2.5592000000000006,0.9250013847179379,1.8131610627609192,41.57,-6.1,-6_0.8
-6.0,0.8,3.5793000000000026,0.8357618535603833,3.926542845197682,60.77,-6.0,-6_0.8
