Target affinity,Target sas,Predicted logps,Predicted qeds,Predicted sas,Predicted tpsas,Predicted affinity,key
-9.0,2.0,2.844940000000001,0.7639904827024263,2.1079652282896273,95.57999999999998,-9.2,-9_2
-9.0,2.0,4.046940000000002,0.8908830256130419,1.9728545721922757,47.56,-8.6,-9_2
-9.0,2.0,2.956800000000001,0.48864359584619893,1.9811050823304885,66.69,-8.1,-9_2
-9.0,2.0,4.698820000000003,0.4003920958294361,2.0256538908165087,100.91999999999999,-9.6,-9_2
-9.0,2.0,3.8537000000000026,0.588337241373921,1.9153484470451225,77.98,-8.8,-9_2
-9.0,2.0,2.7949,0.7737583683448143,1.8883712655284803,80.9,-8.7,-9_2
-9.0,2.0,5.0888000000000035,0.5674977691537466,1.9515929340008533,50.7,-9.3,-9_2
-9.0,2.0,6.203200000000003,0.4686044341755058,2.097569465892132,28.68,-8.9,-9_2
-9.0,2.0,6.316600000000003,0.35916867986622264,2.0676690831242013,46.92,-8.8,-9_2
-9.0,2.0,4.058100000000003,0.9207706785324558,1.9526343763241663,49.410000000000004,-9.2,-9_2
-9.0,2.0,2.7239000000000004,0.6785053073959828,2.034199093582778,86.88,-8.0,-9_2
-9.0,2.0,5.777200000000004,0.34181201091166435,2.0005767754318935,85.13,-8.9,-9_2
-9.0,2.0,3.438200000000002,0.6460503991212354,2.0155330019056574,101.73,-8.8,-9_2
-9.0,2.0,5.339900000000004,0.5783329551576364,2.108553334465393,37.38,-8.6,-9_2
-9.0,2.0,3.582620000000002,0.9075295846226973,1.9613339784895523,41.99,-8.6,-9_2
-9.0,2.0,4.075300000000003,0.6827076082318737,2.0229496159125535,68.17,-7.9,-9_2
-9.0,2.0,1.6018999999999992,0.8848454118762014,1.9665015822705616,92.49999999999999,-8.4,-9_2
-9.0,2.0,3.474400000000002,0.6968120868907121,1.9616157695303293,41.49,-8.9,-9_2
-9.0,2.0,1.91512,0.7605737347193564,2.1470064201231303,83.96000000000001,-8.2,-9_2
-9.0,2.0,2.966400000000001,0.5601556325252425,2.092383353090426,92.09000000000002,-8.3,-9_2
-9.0,2.0,5.209120000000002,0.7076322802855297,2.048813145754899,55.13,-9.2,-9_2
-9.0,2.0,2.4679,0.7379349272939321,2.114143815319389,71.77,-8.3,-9_2
-9.0,2.0,5.1792400000000045,0.613781848662726,2.0355227369703552,36.690000000000005,-8.7,-9_2
-9.0,2.0,5.166220000000004,0.4766010008941409,2.0110532440420776,85.09,-9.3,-9_2
-9.0,2.0,6.574500000000004,0.3825227275629619,2.1815882792674284,37.81,-8.8,-9_2
-9.0,2.0,3.813760000000003,0.8455180074653541,1.9440318439797508,38.13,-9.0,-9_2
-9.0,2.0,3.548700000000002,0.6204110802186368,1.9580838717364024,70.58000000000001,-8.3,-9_2
-9.0,2.0,4.016300000000002,0.5952017744396365,1.9438562941323845,70.67,-9.3,-9_2
-9.0,2.0,4.412220000000004,0.7460832288048926,2.064234904985284,69.72,-8.9,-9_2
-9.0,2.0,3.612400000000002,0.5141026063782838,1.9688930935228228,112.93,-8.5,-9_2
-9.0,2.0,5.269600000000004,0.5773945794529073,2.021098361897403,52.650000000000006,-8.8,-9_2
-9.0,2.0,4.349900000000003,0.4513080615300705,2.010483941584818,54.6,-9.1,-9_2
-9.0,2.0,3.470320000000002,0.862000793281761,2.0536178983150837,79.37,-9.0,-9_2
-9.0,2.0,5.013820000000003,0.6861215745075213,1.9968467451809175,51.22,-9.5,-9_2
-9.0,2.0,4.858440000000004,0.5503156247160039,2.0022891415467914,49.69,-8.3,-9_2
-9.0,2.0,5.481600000000004,0.4628967346950127,2.020343492949797,46.92,-8.7,-9_2
-9.0,2.0,5.749100000000004,0.24338296770171863,2.0283577786640805,85.13,-8.6,-9_2
-9.0,2.0,4.346600000000002,0.4792648822458565,2.0418348375776674,70.56,-8.5,-9_2
-9.0,2.0,3.7028000000000025,0.659298390554423,2.0003544523186108,74.33,-9.1,-9_2
-9.0,2.0,3.728600000000002,0.8685770987008052,2.0956125002465615,55.4,-8.6,-9_2
-9.0,2.0,3.0868200000000012,0.8519364587910614,2.080463825091096,87.74000000000001,-8.1,-9_2
-9.0,2.0,4.092620000000001,0.7475888567417073,2.0203961628050493,68.01,-8.8,-9_2
-9.0,2.0,4.056700000000004,0.684915630568071,2.0383836130387323,45.92,-8.9,-9_2
-9.0,2.0,4.2596000000000025,0.6794045913952483,2.0761401962465005,74.33000000000001,-9.5,-9_2
-9.0,2.0,3.6042200000000015,0.546203714849899,1.9906842586944293,83.7,-8.9,-9_2
-9.0,2.0,4.098200000000001,0.44826922646081163,2.1159363720547546,78.1,-9.2,-9_2
-9.0,2.0,4.335800000000004,0.6291566818443921,1.9766497971559698,44.7,-8.5,-9_2
-9.0,2.0,4.647540000000003,0.543615522706071,2.0222288589409203,74.85,-9.1,-9_2
-9.0,2.0,4.346500000000003,0.8467205129461829,1.9452864238995193,32.34,-8.8,-9_2
-9.0,2.0,4.873820000000004,0.5405976863772995,1.9816969798141955,48.150000000000006,-9.5,-9_2
-9.0,2.0,4.862540000000004,0.5360242309033183,1.9625456907519947,59.81,-9.3,-9_2
-9.0,2.0,4.646800000000004,0.3115590372313703,2.0297642048988536,93.82999999999998,-8.6,-9_2
-9.0,2.0,3.9887000000000024,0.7479053706237164,1.9640070362412079,71.09,-9.7,-9_2
-9.0,2.0,5.215800000000003,0.6042765483386647,2.03438454171968,36.69,-8.7,-9_2
-9.0,2.0,2.764000000000001,0.715110261910703,2.0527377961575475,62.99,-8.6,-9_2
-9.0,2.0,4.120300000000003,0.7786018554213747,1.9201412569666623,31.4,-8.8,-9_2
-9.0,2.0,1.8045999999999995,0.5745662481288188,2.0945318322833657,131.5,-8.8,-9_2
-9.0,2.0,4.852720000000004,0.6435396329802459,1.9778468298741974,12.89,-8.5,-9_2
-9.0,2.0,5.433900000000004,0.4208473521136895,2.1521552907830337,64.35,-9.2,-9_2
-9.0,2.0,5.377220000000006,0.5173149463060667,2.01924834063872,70.66999999999999,-9.2,-9_2
-9.0,2.0,4.528000000000003,0.4375303566460664,2.1169956888842307,88.16,-9.0,-9_2
-9.0,2.0,4.7409000000000034,0.535277834850251,1.9718246589619053,30.71,-9.5,-9_2
-9.0,2.0,5.719900000000004,0.5955632837681601,2.0297555840027286,38.92,-9.5,-9_2
-9.0,2.0,2.1820000000000004,0.3701926975109905,2.018178957836172,106.82,-8.5,-9_2
-9.0,2.0,2.8934200000000017,0.9141776221660824,2.0576734124686684,70.15,-8.5,-9_2
-9.0,2.0,4.004640000000002,0.7834167069004784,2.131481483668548,59.81,-9.2,-9_2
-9.0,2.0,3.302800000000002,0.6918202942261109,1.8401918126097883,26.3,-8.1,-9_2
-9.0,2.0,5.585620000000004,0.391163991164188,2.239524507798203,79.78999999999999,-8.6,-9_2
-9.0,2.0,2.4642999999999993,0.7446320868396639,1.9175659280174315,80.9,-8.5,-9_2
-9.0,2.0,3.739740000000003,0.6346902665983687,2.10402372023289,92.55000000000001,-8.4,-9_2
-9.0,2.0,1.9453399999999998,0.772450891651852,1.8905956053677446,83.96000000000001,-8.6,-9_2
-9.0,2.0,2.5768000000000018,0.5910546660911952,2.2359204657211063,90.9,-8.3,-9_2
-9.0,2.0,4.547900000000002,0.4849204588131599,2.076850279705397,67.43,-8.5,-9_2
-9.0,2.0,2.7628000000000013,0.5532911921663555,2.030154964331601,104.37,-9.0,-9_2
-9.0,2.0,4.383100000000002,0.662774224877513,2.0869036946315447,72.19,-9.8,-9_2
-9.0,2.0,2.4830000000000005,0.7226035182239593,2.0743906230669005,74.43,-7.9,-9_2
-9.0,2.0,4.4894000000000025,0.6695400535086519,2.0397149987489254,61.440000000000005,-9.9,-9_2
-9.0,2.0,3.6697000000000024,0.7954342532700055,2.2785358515612586,67.77000000000001,-8.3,-9_2
-9.0,2.0,2.894700000000001,0.47256580662035447,2.042918195634119,100.83000000000001,-9.1,-9_2
-9.0,2.0,2.8058000000000005,0.7399007136561919,1.9155535589091333,57.78,-8.5,-9_2
-9.0,2.0,2.314,0.5228249278465145,1.9063271855612456,64.63,-7.9,-9_2
-9.0,2.0,2.950000000000001,0.7827148357981156,2.0763900622341716,75.71,-8.4,-9_2
-9.0,2.0,2.6598999999999995,0.6701473578235694,2.0594558763630975,78.00999999999999,-8.5,-9_2
-9.0,2.0,2.769000000000001,0.5577436065512081,2.11973233098745,112.99000000000001,-9.0,-9_2
-9.0,2.0,4.537540000000002,0.7294410320959761,2.1297770772371987,68.26,-8.4,-9_2
-9.0,2.0,4.194900000000003,0.7337110645097225,2.1611032139678414,61.88,-9.2,-9_2
-9.0,2.0,4.357020000000004,0.6858475144974686,2.046512774638181,36.69,-9.3,-9_2
-9.0,2.0,5.248800000000005,0.7014239905385263,1.912458822089567,51.22,-8.5,-9_2
-9.0,2.0,3.494500000000002,0.7331206067753671,2.06645777056983,40.620000000000005,-8.5,-9_2
-9.0,2.0,5.004700000000004,0.4597051371976029,1.9922962337110732,52.650000000000006,-8.8,-9_2
-9.0,2.0,5.056600000000003,0.5411904237700856,1.9637006453823247,47.040000000000006,-8.7,-9_2
-9.0,2.0,3.9466000000000028,0.6788095743442242,1.9937618510623487,44.120000000000005,-8.2,-9_2
-9.0,2.0,4.674000000000003,0.5283951030024991,2.0452879984443015,62.300000000000004,-8.4,-9_2
-9.0,2.0,4.445100000000004,0.4996327768868724,2.0069286985088173,48.3,-8.2,-9_2
-9.0,2.0,4.735500000000003,0.8510486839506544,2.192011167204603,60.16,-8.7,-9_2
-9.0,2.0,5.141620000000003,0.5997771908606162,1.9718869789818356,49.410000000000004,-9.7,-9_2
-9.0,2.0,2.6686200000000007,0.785866944608692,2.0550817971559674,73.22,-8.5,-9_2
-9.0,2.0,4.238100000000003,0.7220133753440461,2.0082484243749033,50.28000000000001,-8.2,-9_2
-9.0,2.0,2.4366000000000003,0.5662573051565307,2.0391310753673793,112.85999999999999,-8.5,-9_2
-9.0,2.0,5.242540000000005,0.6509382369045862,2.0076199213323562,35.580000000000005,-9.6,-9_2
-9.0,2.0,4.441500000000003,0.5659531338536388,1.885522813370379,37.3,-8.9,-9_2
-9.0,2.0,4.0805000000000025,0.5920657363558308,2.1863951238292945,55.63,-8.7,-9_2
-9.0,2.0,5.047600000000004,0.4686328774530515,1.8706387174368526,48.67,-9.2,-9_2
-9.0,2.0,3.188100000000002,0.7182574743733011,1.963538696661363,76.30000000000001,-8.8,-9_2
-9.0,2.0,1.7736399999999999,0.6450063534237511,2.114294874079045,101.57,-9.4,-9_2
-9.0,2.0,3.527300000000002,0.7306809399327658,4.68422450127327,53.93,-9.7,-9_2
-9.0,2.0,6.693000000000006,0.39623596942526806,2.0020519973409794,29.46,-9.8,-9_2
-9.0,2.0,2.6568000000000005,0.8040551880842931,1.8598292834633448,72.19,-8.4,-9_2
-9.0,2.0,4.121700000000003,0.6893519443913497,1.9307388449730158,46.61,-8.8,-9_2
-9.0,2.0,4.827060000000004,0.6000394346604147,1.7266874050629788,12.89,-9.0,-9_2
-9.0,2.0,2.7262000000000004,0.8818256100556409,2.002166519021637,71.11000000000001,-9.1,-9_2
-9.0,2.0,4.062940000000003,0.7939895505288644,1.9658898844602621,15.27,-8.6,-9_2
-9.0,2.0,5.622500000000004,0.5899495337348638,2.0701700821676514,45.230000000000004,-9.0,-9_2
-9.0,2.0,3.497320000000002,0.7978136439636766,1.9565059614513665,62.300000000000004,-8.9,-9_2
-9.0,2.0,3.291940000000002,0.7818775556124201,1.958191417247722,69.72,-8.4,-9_2
-9.0,2.0,3.407740000000002,0.8048895261759103,2.0443166960507586,67.77000000000001,-8.9,-9_2
-9.0,2.0,3.5276000000000014,0.7486298163804127,2.0178894859474266,68.02000000000001,-8.9,-9_2
-9.0,2.0,4.245520000000003,0.6024825515648626,2.0391521058786086,95.12000000000002,-9.7,-9_2
-9.0,2.0,3.687800000000002,0.5659892891502117,1.9813821748557743,97.97,-8.9,-9_2
-9.0,2.0,4.826320000000004,0.5478155654003006,2.0897801942353134,46.92,-8.6,-9_2
-9.0,2.0,3.6415200000000025,0.7238091354344004,2.0169151726272325,79.37,-8.9,-9_2
-9.0,2.0,3.7448200000000034,0.6680403446960008,1.9388640918141569,44.7,-8.6,-9_2
-9.0,2.0,2.585,0.6968989559654915,1.895183654953506,74.68,-9.0,-9_2
-9.0,2.0,3.7905000000000024,0.6098871584992098,1.9077221096612664,44.81,-7.9,-9_2
-9.0,2.0,3.1431000000000013,0.7099604974033911,1.976555429278049,88.60000000000001,-9.1,-9_2
-9.0,2.0,1.7499399999999998,0.7778087871151447,2.0409776491153515,67.75,-8.3,-9_2
-9.0,3.0,3.5688200000000014,0.4509859085577012,2.8280180627893277,100.78,-8.7,-9_3
-9.0,3.0,2.4035,0.2735714232187336,3.2936057793101785,119.66,-8.7,-9_3
-9.0,3.0,5.543220000000006,0.5927737612002466,2.960708862904319,52.9,-8.4,-9_3
-9.0,3.0,5.4885000000000055,0.1541028687013584,2.7583487469937253,104.78999999999999,-9.3,-9_3
-9.0,3.0,2.4617999999999998,0.6604492967122771,2.7934773741257644,94.48,-9.1,-9_3
-9.0,3.0,5.492700000000005,0.4210207814787454,3.0613633142230707,74.33000000000001,-9.3,-9_3
-9.0,3.0,2.2929000000000004,0.5612308516261778,3.0476855482410707,121.79999999999998,-9.0,-9_3
-9.0,3.0,3.7398200000000017,0.5249065295048596,2.6490801863863798,117.17000000000002,-8.5,-9_3
-9.0,3.0,5.108300000000004,0.3445386570590911,3.3265902465973927,94.22,-8.8,-9_3
-9.0,3.0,2.930220000000001,0.7460038105191432,3.273129471112129,82.19,-9.0,-9_3
-9.0,3.0,4.616400000000003,0.45501309192556216,3.2831296060089947,108.53,-8.2,-9_3
-9.0,3.0,4.889220000000003,0.19470536451460393,3.043781403787073,157.94,-9.7,-9_3
-9.0,3.0,5.783400000000005,0.28555620611184307,2.673982120732978,66.07000000000001,-8.9,-9_3
-9.0,3.0,4.1794300000000035,0.8154316907993139,2.9415774346691403,61.45,-8.4,-9_3
-9.0,3.0,5.941300000000005,0.6012580129931433,2.8343345748010336,37.28,-8.4,-9_3
-9.0,3.0,5.484480000000006,0.3390435484991514,3.1299298539177283,103.52000000000001,-9.6,-9_3
-9.0,3.0,2.8008200000000016,0.3626375331931199,3.008548865702368,135.98999999999998,-8.7,-9_3
-9.0,3.0,5.412800000000003,0.4640087854957791,3.0973322020475322,83.97,-8.9,-9_3
-9.0,3.0,4.236400000000003,0.5932218517006235,3.0042466380960935,64.80000000000001,-8.9,-9_3
-9.0,3.0,3.6666000000000025,0.9081306198631173,3.131034945311777,44.81,-8.2,-9_3
-9.0,3.0,3.2719600000000018,0.714385998527162,2.5279351717529224,89.07999999999998,-8.4,-9_3
-9.0,3.0,4.805300000000004,0.3503510096627511,3.25376592559729,88.6,-9.0,-9_3
-9.0,3.0,1.2591199999999996,0.3302927616124136,3.0790891223211965,136.98,-8.3,-9_3
-9.0,3.0,4.968140000000004,0.47923684655021703,2.9508263038106026,83.91,-9.2,-9_3
-9.0,3.0,4.950200000000004,0.14652077621911205,2.9514533733852772,154.86999999999998,-8.8,-9_3
-9.0,3.0,5.260300000000004,0.42544342727909135,3.2237332661150493,65.71,-8.9,-9_3
-9.0,3.0,2.0803,0.7874973021054626,3.004198537865233,72.86,-8.4,-9_3
-9.0,3.0,4.736220000000003,0.5739807022253489,2.98322250878749,87.58000000000001,-8.5,-9_3
-9.0,3.0,3.8229000000000024,0.43290491783378393,2.8005886873679557,111.60000000000001,-8.3,-9_3
-9.0,3.0,3.646040000000001,0.45029934917245434,3.049154009204325,152.59000000000003,-9.7,-9_3
-9.0,3.0,3.913400000000003,0.7417173162789874,2.554882216332457,86.48,-9.0,-9_3
-9.0,3.0,3.641600000000002,0.24433072354972546,2.928107354435701,111.13,-8.4,-9_3
-9.0,3.0,4.562200000000003,0.7244326247543127,3.112937516415524,67.92,-7.9,-9_3
-9.0,3.0,1.350299999999999,0.7822546215642027,2.992199199977547,93.22,-7.0,-9_3
-9.0,3.0,4.761800000000003,0.20501154121063334,3.147177374952796,119.30000000000001,-8.0,-9_3
-9.0,3.0,3.2772000000000014,0.47146986371080324,2.8021375636167427,118.12,-8.1,-9_3
-9.0,3.0,2.1806,0.6181127130925693,3.137677059461293,114.96000000000002,-7.6,-9_3
-9.0,3.0,3.9258200000000016,0.7061138709605221,3.10238040021442,76.96000000000001,-7.7,-9_3
-9.0,3.0,5.725700000000005,0.37508890855538085,2.9973572394414525,64.86,-8.1,-9_3
-9.0,3.0,4.892600000000003,0.42045233548941796,3.5075869496134295,125.96,-9.0,-9_3
-9.0,3.0,2.551000000000001,0.20502724902627498,3.3338148210724956,130.54999999999998,-9.1,-9_3
-9.0,3.0,3.2479000000000005,0.5709500073569971,2.687429423376484,71.17,-8.5,-9_3
-9.0,3.0,2.6941000000000015,0.5286088805068783,3.053113663738886,101.93,-8.8,-9_3
-9.0,3.0,4.164800000000002,0.5218488201718315,3.4073065088571113,66.98,-9.1,-9_3
-9.0,3.0,4.292520000000002,0.5937082525799398,2.515646560210717,76.02000000000001,-9.0,-9_3
-9.0,3.0,2.053699999999999,0.3397974135092939,2.753631385895474,102.55999999999997,-9.1,-9_3
-9.0,3.0,4.312300000000004,0.3983048701762792,3.103533875790135,63.16000000000001,-7.8,-9_3
-9.0,3.0,4.213500000000003,0.6576498872467559,2.3558716526855683,52.65,-8.7,-9_3
-9.0,3.0,5.816500000000007,0.18268491364788286,2.8757598987183517,85.76,-10.2,-9_3
-9.0,3.0,4.491520000000004,0.18556536124934334,3.400481299540264,122.4,-8.7,-9_3
-9.0,3.0,5.2523000000000035,0.4069181157906457,2.9326603193242438,95.5,-9.1,-9_3
-9.0,3.0,8.900800000000002,0.19915527898305493,2.8003606787082997,46.53,-9.6,-9_3
-9.0,3.0,2.9932000000000016,0.5831031059654475,3.45167965404356,74.76,-8.3,-9_3
-9.0,3.0,4.176000000000003,0.40619977693516673,2.607719400115325,88.19,-8.5,-9_3
-9.0,3.0,3.5469000000000026,0.7173564429271309,2.898555075685522,75.94,-9.1,-9_3
-9.0,3.0,4.947700000000004,0.17249959763671954,2.9212482864650955,140.14999999999998,-9.2,-9_3
-9.0,3.0,3.4025000000000016,0.27366880464190435,2.7857571094633027,132.01999999999998,-8.8,-9_3
-9.0,3.0,4.119200000000002,0.7246984942914422,3.010391637306096,96.94000000000001,-8.2,-9_3
-9.0,3.0,3.378000000000001,0.6785287614581924,3.392817636897325,70.05,-8.0,-9_3
-9.0,3.0,4.240520000000004,0.4311003105058814,3.436950709724072,105.19999999999999,-8.3,-9_3
-9.0,3.0,1.9673999999999991,0.4231579072531594,3.5004609200276295,109.99000000000001,-8.9,-9_3
-9.0,3.0,3.582160000000002,0.6296582669511316,2.870045935360917,78.27,-8.9,-9_3
-9.0,3.0,4.563100000000003,0.2747044001816979,2.8620154305424332,120.72000000000003,-8.0,-9_3
-9.0,3.0,4.312340000000003,0.48374566112563144,3.9053516849670267,44.870000000000005,-8.0,-9_3
-9.0,3.0,1.0790000000000006,0.5061648468658105,2.9375434104782183,147.79000000000002,-9.2,-9_3
-9.0,3.0,5.672500000000005,0.16409289135684124,3.0525089711452162,117.98,-7.7,-9_3
-9.0,3.0,4.227200000000003,0.755568265054545,2.7588456472961074,48.99,-9.8,-9_3
-9.0,3.0,2.112899999999999,0.6537863867331539,2.71785692629142,110.10000000000001,-8.7,-9_3
-9.0,3.0,7.531770000000007,0.10230889766807473,2.642410506652281,86.15,-10.1,-9_3
-9.0,3.0,4.404100000000003,0.22962663558946755,3.131825422083634,63.73,-9.2,-9_3
-9.0,3.0,3.931300000000003,0.6989409085618241,2.9140986256568002,85.11,-7.9,-9_3
-9.0,3.0,2.2639999999999993,0.39067022212847985,2.859230623561892,139.18,-9.6,-9_3
-9.0,3.0,4.528000000000003,0.1857520609509694,2.9888811972822467,130.24,-8.4,-9_3
-9.0,3.0,4.020420000000002,0.21636836637315038,2.9886172034073137,135.07999999999998,-9.3,-9_3
-9.0,3.0,2.778620000000001,0.8168457649344487,3.3828474816142284,78.51,-8.5,-9_3
-9.0,3.0,5.881900000000002,0.38348832275434935,2.8311231963266223,61.2,-10.0,-9_3
-9.0,3.0,4.628140000000004,0.3667245100338559,2.689385117507804,82.32999999999998,-9.1,-9_3
-9.0,3.0,5.367900000000004,0.416641014745664,2.8501957935585587,76.02000000000001,-8.8,-9_3
-9.0,3.0,4.639400000000005,0.5981178468914264,2.997817440934348,92.78000000000002,-8.4,-9_3
-9.0,3.0,4.615320000000005,0.4283593769657264,2.6822597651325175,85.17,-8.3,-9_3
-9.0,3.0,3.6261800000000024,0.49139265173731916,2.911904957608792,135.46,-9.0,-9_3
-9.0,3.0,3.2170000000000014,0.8453268111935666,2.876250786522194,44.81,-8.3,-9_3
-9.0,3.0,5.447800000000004,0.3631681453605215,3.055263713138979,63.17,-9.1,-9_3
-9.0,3.0,5.405800000000006,0.3179902792947696,2.917611436069649,73.16,-8.9,-9_3
-9.0,3.0,3.934820000000003,0.6466388350129909,2.967789779165269,85.81000000000002,-8.2,-9_3
-9.0,3.0,3.7196000000000033,0.5934193277720813,3.0525592860919666,53.09,-8.4,-9_3
-9.0,3.0,2.1553,0.5320546638317799,2.9294507865221924,61.49000000000001,-8.0,-9_3
-9.0,3.0,2.038899999999999,0.6903824495942223,3.0295134908658454,93.88,-8.6,-9_3
-9.0,3.0,5.930500000000006,0.2460161888887323,2.8782911671309446,107.53,-9.2,-9_3
-9.0,3.0,4.137300000000003,0.8413117235717736,2.4234613107773484,15.71,-8.2,-9_3
-9.0,3.0,6.359700000000005,0.2552671048472133,3.1502335720421755,54.120000000000005,-9.0,-9_3
-9.0,3.0,1.390889999999999,0.16462245348016846,2.937171258522845,169.49,-8.9,-9_3
-9.0,3.0,3.2683,0.5677791888494905,3.2509140988445573,48.99,-7.7,-9_3
-9.0,3.0,3.7792400000000024,0.3920183828126912,2.8937074082124887,114.17,-8.8,-9_3
-9.0,3.0,3.974000000000003,0.6023647048453313,3.257947398086884,47.940000000000005,-9.0,-9_3
-9.0,3.0,2.00556,0.8155476161190864,2.7723782808597246,104.54,-8.3,-9_3
-9.0,3.0,3.8581400000000032,0.6932321769926797,3.0478205102509577,82.18,-8.4,-9_3
-9.0,3.0,4.687800000000003,0.5972283090809379,3.0829470939849717,61.440000000000005,-8.7,-9_3
-9.0,3.0,3.9829000000000017,0.5074339230120445,3.265175962783495,93.79,-9.0,-9_3
-9.0,3.0,5.016620000000005,0.365933086219625,3.0087803545481178,72.2,-9.4,-9_3
-9.0,3.0,2.8707400000000014,0.6398280032230839,2.8174793661009883,119.76000000000002,-9.0,-9_3
-9.0,3.0,8.250900000000005,0.23492163124466076,3.117000427928841,47.14,-9.3,-9_3
-9.0,3.0,5.943300000000006,0.29339513268932876,2.8331079029394566,68.74000000000001,-8.2,-9_3
-9.0,3.0,6.2926200000000065,0.1999267249791736,3.1503811795819416,58.14,-9.8,-9_3
-9.0,3.0,3.0287200000000016,0.6269323242241818,3.127732469541858,45.92,-7.9,-9_3
-9.0,3.0,5.473000000000005,0.3678024484883744,2.8148999883665784,86.8,-8.3,-9_3
-9.0,3.0,6.006020000000006,0.3224321089167107,3.1269689081933105,87.83000000000001,-10.1,-9_3
-9.0,3.0,3.2989200000000016,0.4334235491470511,3.109666855560567,107.53999999999999,-8.2,-9_3
-9.0,3.0,3.1327200000000017,0.5686493286257006,2.872326908875346,55.97,-8.7,-9_3
-9.0,3.0,5.530220000000004,0.46874033555461697,3.150964932573144,67.07,-7.7,-9_3
-9.0,3.0,3.0477200000000018,0.5460576293011404,2.975838230140317,91.22,-8.4,-9_3
-9.0,3.0,3.0660000000000007,0.7754113122061205,2.9193043836592203,83.56,-7.8,-9_3
-9.0,3.0,3.898100000000002,0.16825178164298463,3.06007976773798,119.06000000000002,-8.8,-9_3
-9.0,3.0,4.693100000000003,0.3844231837790276,3.8290425098490237,105.22000000000001,-9.4,-9_3
-9.0,3.0,4.962000000000003,0.4966265799809824,2.8873893321875066,31.35,-9.1,-9_3
-9.0,3.0,5.500900000000004,0.2176958441946786,3.0426002106317647,107.78000000000002,-8.8,-9_3
-9.0,3.0,2.0516,0.5450532797582698,3.369577489393155,102.47,-8.5,-9_3
-9.0,3.0,4.767240000000008,0.1266179631090291,3.4175069905100903,205.18999999999997,-9.1,-9_3
-9.0,3.0,7.4476000000000075,0.10195346284252275,2.883858163611352,71.27000000000001,-8.2,-9_3
-9.0,3.0,4.8944000000000045,0.29626767631416784,3.1769490970544183,101.98,-9.7,-9_3
-9.0,3.0,2.3165999999999993,0.4037898749755492,2.865488261039868,133.49,-8.7,-9_3
-9.0,3.0,5.061320000000004,0.3009123783170514,3.2803490263011117,96.19,-9.2,-9_3
-9.0,3.0,1.9629800000000004,0.7275118813024464,2.2883206536910325,78.91,-7.9,-9_3
-9.0,4.0,3.7332000000000036,0.5671191846044129,4.031498934131244,70.67000000000002,-9.9,-9_4
-9.0,4.0,7.004920000000006,0.14238776313294535,3.400522959190834,127.66999999999999,-10.5,-9_4
-9.0,4.0,3.6336000000000013,0.7814834575841916,4.723608446430482,54.620000000000005,-8.6,-9_4
-9.0,4.0,6.201900000000005,0.4417903169070886,2.8516582935585575,78.05000000000001,-9.1,-9_4
-9.0,4.0,3.6248000000000022,0.09365966706617952,4.501077571784911,195.21999999999997,-8.8,-9_4
-9.0,4.0,3.9924000000000026,0.279708122384919,4.088715224962919,89.03000000000002,-8.9,-9_4
-9.0,4.0,2.8545000000000007,0.6642434607824674,3.918435739055342,114.09,-9.0,-9_4
-9.0,4.0,4.742800000000004,0.6042329291380051,4.573791729102487,46.53,-8.7,-9_4
-9.0,4.0,4.132500000000003,0.7934184836961634,3.8042593703811036,52.57,-9.2,-9_4
-9.0,4.0,2.6164000000000005,0.6292606181089971,3.955213763997927,97.02999999999999,-9.1,-9_4
-9.0,4.0,4.2131200000000035,0.8733048801085747,4.1322913990916925,64.36,-8.7,-9_4
-9.0,4.0,5.828700000000006,0.21227373151057188,4.059626889421771,96.86999999999999,-9.2,-9_4
-9.0,4.0,3.5115000000000016,0.5051966766690369,3.435015291296347,79.28,-8.3,-9_4
-9.0,4.0,4.439320000000004,0.5445570761479473,3.6649028944874464,52.65,-9.3,-9_4
-9.0,4.0,2.749900000000001,0.7312248440505212,3.999124193067985,92.79000000000002,-8.8,-9_4
-9.0,4.0,6.686900000000006,0.2958296217137329,3.9927214395663055,53.68,-9.3,-9_4
-9.0,4.0,3.3019700000000007,0.4388974636877184,2.0390615370216914,103.89000000000001,-9.2,-9_4
-9.0,4.0,1.3238999999999999,0.23265903464987997,4.317859558390451,188.35999999999999,-7.6,-9_4
-9.0,4.0,-2.1205999999999934,0.20992290272920186,4.105276051485737,223.83999999999997,-7.7,-9_4
-9.0,4.0,0.5359000000000036,0.47542332753565597,5.410526535659018,135.73999999999998,-9.1,-9_4
-9.0,4.0,2.280900000000001,0.33472266342343243,4.027402385228988,141.35,-8.0,-9_4
-9.0,4.0,4.059500000000003,0.7796700460365754,4.657458057280449,70.29000000000002,-9.1,-9_4
-9.0,4.0,2.1708,0.7988490171056605,4.227990584445587,82.53,-8.6,-9_4
-9.0,4.0,4.181020000000004,0.8503885142617467,4.217354660047279,58.64,-8.6,-9_4
-9.0,4.0,4.709500000000004,0.43070540663707974,4.27321965085495,65.30000000000001,-8.5,-9_4
-9.0,4.0,1.9579799999999998,0.8317678270549904,4.462663412181298,102.75,-8.1,-9_4
-9.0,4.0,2.972920000000001,0.7500088760013951,4.260465225112617,69.72,-8.0,-9_4
-9.0,4.0,4.262340000000002,0.41694490903237097,3.8162218493446582,117.0,-9.2,-9_4
-9.0,4.0,4.168400000000004,0.696379917288201,4.489155519811824,53.6,-7.3,-9_4
-9.0,4.0,4.068500000000003,0.7484994968897276,6.01079142065816,52.82000000000001,-8.7,-9_4
-9.0,4.0,4.806800000000004,0.37632227588313616,3.7740974172093367,80.48,-7.9,-9_4
-9.0,4.0,2.587900000000002,0.5551768727665273,3.284838626442715,99.26,-8.3,-9_4
-9.0,4.0,3.4711000000000016,0.27167785278259604,3.4799575754451677,139.14,-8.9,-9_4
-9.0,4.0,2.4661999999999997,0.7736285452976102,4.489148155848451,92.41999999999999,-9.1,-9_4
-9.0,4.0,1.8981000000000035,0.13074298399452663,3.925120548389092,164.07999999999998,-8.9,-9_4
-9.0,4.0,2.7586000000000004,0.7406112061374192,5.718890000143693,65.56,-9.2,-9_4
-9.0,4.0,4.2138000000000035,0.3924353769504937,4.166803649576953,103.84,-9.2,-9_4
-9.0,4.0,3.7058000000000013,0.7739857464982506,3.3463671180590477,45.150000000000006,-8.0,-9_4
-9.0,4.0,4.585520000000005,0.3023632090043307,4.099363569802724,105.48000000000002,-8.6,-9_4
-9.0,4.0,1.3950000000000002,0.21025005964319113,3.992524993558992,158.92999999999998,-8.2,-9_4
-9.0,4.0,3.432000000000002,0.7204531298432303,4.545500260656629,77.46000000000001,-8.1,-9_4
-9.0,4.0,4.047500000000002,0.49453482326076864,3.84085882981036,62.300000000000004,-8.3,-9_4
-9.0,4.0,2.3898,0.6841687882580494,4.008634608578011,80.26,-8.9,-9_4
-9.0,4.0,2.9655000000000014,0.7553974665191984,3.895550711079059,74.46000000000001,-8.2,-9_4
-9.0,4.0,1.2211999999999996,0.5605729841210462,3.5182873855482484,117.72999999999999,-8.7,-9_4
-9.0,4.0,5.828700000000006,0.21227373151057188,4.059626889421771,96.86999999999999,-9.2,-9_4
-9.0,4.0,2.72107,0.14714171242294882,4.013979562666071,152.79000000000002,-8.0,-9_4
-9.0,4.0,10.512699999999992,0.16039305699419415,5.068872833846278,48.980000000000004,-9.6,-9_4
-9.0,4.0,0.724499999999999,0.7129029896327229,4.19972998999486,68.62,-7.7,-9_4
-9.0,4.0,6.171720000000006,0.49117204852092444,3.8703161570869167,48.91,-7.8,-9_4
-9.0,4.0,4.211620000000003,0.21071236572739616,3.4965339096010535,140.39,-9.0,-9_4
-9.0,4.0,5.248200000000005,0.3140264082994858,4.072539688341337,85.38,-10.2,-9_4
-9.0,4.0,4.843520000000004,0.3636443241857158,4.244887659586045,74.5,-8.9,-9_4
-9.0,4.0,3.867320000000003,0.37307344155783734,6.216468693970663,151.07,-7.6,-9_4
-9.0,4.0,4.380500000000004,0.49843260528710986,3.878543043644699,86.71000000000001,-8.1,-9_4
-9.0,4.0,1.6712999999999996,0.7093364540280813,4.963093317930847,87.78999999999999,-9.1,-9_4
-9.0,4.0,3.8240200000000026,0.2982160026175441,4.128126337679948,131.85,-9.2,-9_4
-9.0,4.0,1.6270999999999998,0.31565328061389913,4.023909384549449,184.51999999999998,-7.9,-9_4
-9.0,4.0,5.770520000000006,0.2499921440390893,3.864704920424435,141.7,-9.8,-9_4
-9.0,4.0,3.8427000000000024,0.30865165020750734,4.031099422135296,124.27999999999999,-8.8,-9_4
-9.0,4.0,5.151100000000006,0.20579818323377275,4.1699382552743565,84.74,-8.3,-9_4
-9.0,4.0,4.654020000000005,0.252379752647438,3.518167654394425,103.78,-8.9,-9_4
-9.0,4.0,1.8762800000000002,0.7198615887935188,4.77400218497949,62.86,-8.4,-9_4
-9.0,4.0,2.0873399999999998,0.15426800923654213,4.461413053046668,201.35999999999999,-8.9,-9_4
-9.0,4.0,5.618000000000006,0.18685160052268432,4.186700666912882,97.41,-8.6,-9_4
-9.0,4.0,2.2064999999999992,0.509141369371515,3.965056769627939,124.46,-8.7,-9_4
-9.0,4.0,5.059300000000005,0.6874532615300353,3.8638831723233995,45.39,-9.1,-9_4
-9.0,4.0,4.976800000000006,0.17911641581871454,4.20889458332743,145.43999999999997,-8.5,-9_4
-9.0,4.0,3.8792000000000026,0.6868426969908572,3.958573370751779,37.3,-8.2,-9_4
-9.0,4.0,3.8766200000000026,0.38297913337824485,3.6466174821897246,117.64,-9.5,-9_4
-9.0,4.0,2.9332000000000003,0.6137146088301749,4.892875619202665,94.72,-8.1,-9_4
-9.0,4.0,2.721700000000001,0.6446695758911578,4.2537952361274876,60.69,-8.1,-9_4
-9.0,4.0,5.314600000000005,0.5692230338132709,4.206444770567163,51.02,-10.1,-9_4
-9.0,4.0,3.427500000000003,0.7053573119618185,4.0181632719067935,60.93,-8.7,-9_4
-9.0,4.0,0.23310000000000336,0.17884626510682386,3.85499576772086,231.97999999999996,-9.5,-9_4
-9.0,4.0,6.279400000000005,0.12644476615708636,3.6354949016046314,128.85999999999999,-9.1,-9_4
-9.0,4.0,4.6875000000000036,0.8169915259561462,3.753269417319766,37.3,-9.7,-9_4
-9.0,4.0,4.909800000000007,0.10281267169794642,5.1696246290952725,169.32999999999998,-8.6,-9_4
-9.0,4.0,4.291400000000003,0.687305662136324,4.444812973340946,31.5,-9.6,-9_4
-9.0,4.0,-0.629799999999999,0.17109782225945297,4.001794108443664,210.88,-9.0,-9_4
-9.0,4.0,-1.0715999999999963,0.23851738782590723,3.818820995871281,181.20999999999998,-9.5,-9_4
-9.0,4.0,4.5215400000000034,0.6492509424030706,3.743712497961009,75.44,-9.8,-9_4
-9.0,4.0,2.9301000000000004,0.7171516528885906,3.910088977823242,94.16999999999999,-8.7,-9_4
-9.0,4.0,5.811800000000006,0.5651030978234622,4.259335570538628,40.620000000000005,-7.9,-9_4
-9.0,4.0,4.687600000000003,0.7348257815408854,3.903046379458331,46.5,-8.8,-9_4
-9.0,4.0,1.0684,0.3869629510634477,4.048329512869435,142.54000000000002,-9.5,-9_4
-9.0,4.0,6.6393000000000075,0.11286838596240474,4.286930664303176,153.62,-8.6,-9_4
-9.0,4.0,4.182200000000003,0.5482956923099981,4.158501864564048,113.10000000000001,-9.2,-9_4
-9.0,4.0,-1.1969999999999918,0.3116415650511532,4.052867571251134,202.44,-9.6,-9_4
-9.0,4.0,3.9837000000000042,0.19388784151194546,4.028806403258782,120.0,-8.1,-9_4
-9.0,4.0,4.501720000000002,0.4261145145599779,4.073963705482589,98.4,-8.8,-9_4
-9.0,4.0,5.6460000000000035,0.30583134555161484,3.3488698070369516,90.16999999999999,-10.3,-9_4
-9.0,4.0,3.2912,0.330414689947324,4.231644231382835,141.1,-9.4,-9_4
-9.0,4.0,4.841720000000004,0.47707438006001296,3.7715655577321687,67.66,-9.5,-9_4
-9.0,4.0,2.737300000000001,0.8476849891076594,3.33952536137571,75.63,-7.6,-9_4
-9.0,4.0,-0.22989999999999955,0.491088170494497,4.0544203764853535,126.07,-9.3,-9_4
-9.0,4.0,3.459200000000002,0.4904065255255358,3.9912929858662505,91.98,-8.7,-9_4
-9.0,4.0,1.6100999999999992,0.3673809180837713,3.977298793788698,131.39000000000001,-7.5,-9_4
-9.0,4.0,4.700620000000004,0.4757831988851122,4.120072801512446,77.73,-8.3,-9_4
-9.0,4.0,4.572000000000003,0.3824215605143733,4.05322840616187,93.37,-9.5,-9_4
-9.0,4.0,5.155300000000006,0.2200439338735582,4.08552988283045,90.31000000000003,-8.7,-9_4
-9.0,4.0,4.005600000000003,0.44691394365442716,3.390386161629902,109.62,-9.2,-9_4
-9.0,4.0,3.0214000000000008,0.14714787548927483,3.804065689150592,153.23999999999998,-8.3,-9_4
-9.0,4.0,7.108200000000007,0.11798766625815126,3.423011775197965,111.17,-9.7,-9_4
-9.0,4.0,3.733100000000002,0.8574493569474377,3.8070384769164587,56.84,-9.7,-9_4
-9.0,4.0,5.465200000000006,0.5732620508948739,5.30045272702446,19.37,-8.5,-9_4
-9.0,4.0,4.296180000000003,0.5411698612891279,4.262300193392073,97.45,-7.9,-9_4
-9.0,4.0,3.256120000000002,0.8656654314765392,4.592230867455733,53.010000000000005,-8.6,-9_4
-6.0,2.0,0.7316999999999994,0.7683984261043081,1.9409613510713264,54.71,-5.4,-6_2
-6.0,2.0,1.0220999999999996,0.6238515063733006,2.219082285724003,83.37,-6.3,-6_2
-6.0,2.0,1.9127999999999992,0.721308356170962,2.256002981504812,70.67,-6.1,-6_2
-6.0,2.0,1.0646,0.7498605635361456,1.9371209542243086,23.550000000000004,-6.3,-6_2
-6.0,2.0,2.0549999999999997,0.8052541938769622,2.5252834197002354,58.2,-5.4,-6_2
-6.0,2.0,3.864500000000003,0.6906827014724451,2.067374738008798,41.489999999999995,-6.5,-6_2
-6.0,2.0,3.7839000000000027,0.7247311704828434,1.5753964036116006,38.33,-6.3,-6_2
-6.0,2.0,2.5802200000000006,0.8327647520663812,2.166674668532375,41.99,-6.1,-6_2
-6.0,2.0,-0.38339999999999863,0.5701115756010456,2.05238488630053,96.53,-6.3,-6_2
-6.0,2.0,2.8557000000000015,0.5240626794364192,2.356488063858862,43.370000000000005,-6.0,-6_2
-6.0,2.0,1.6983000000000001,0.7364296764851626,2.4403864580595886,21.700000000000003,-6.1,-6_2
-6.0,2.0,1.6267,0.783758827345975,1.9741577969352555,24.94,-6.2,-6_2
-6.0,2.0,1.9465999999999999,0.6629094036155275,2.1209475049174795,54.88,-6.0,-6_2
-6.0,2.0,3.6898000000000017,0.8225977640437546,1.9352652585651153,24.06,-6.2,-6_2
-6.0,2.0,1.8153,0.856635225549544,2.17761254635311,76.22,-6.2,-6_2
-6.0,2.0,0.5065999999999999,0.6350883024138775,2.3043775087690612,50.27,-5.9,-6_2
-6.0,2.0,1.8887,0.707644503841433,2.0159904614612607,12.47,-6.1,-6_2
-6.0,2.0,3.5916000000000015,0.4409951890349104,1.856957984555489,25.78,-6.4,-6_2
-6.0,2.0,1.6928999999999998,0.7121118200607534,2.186153997924796,78.00999999999999,-6.4,-6_2
-6.0,2.0,1.9917000000000002,0.8914782462370224,2.256529453141235,73.7,-6.4,-6_2
-6.0,2.0,3.4482000000000017,0.7942485451372852,2.013979857893167,51.21,-6.9,-6_2
-6.0,2.0,1.5424,0.45668185628621816,1.9735931339981931,61.800000000000004,-6.0,-6_2
-6.0,2.0,2.6961000000000013,0.8218412970993371,1.9309194983901055,21.700000000000003,-6.2,-6_2
-6.0,2.0,2.5795200000000005,0.8651439387208391,2.000075873723418,42.24,-6.1,-6_2
-6.0,2.0,3.8705000000000025,0.8199724276654766,1.9230676166721246,46.53,-5.7,-6_2
-6.0,2.0,0.7674999999999993,0.5450000588966066,2.0254832126125475,44.37,-6.3,-6_2
-6.0,2.0,4.040000000000004,0.6651269978916694,1.9216155115718525,37.38,-6.3,-6_2
-6.0,2.0,0.4082000000000004,0.6065536763346547,2.14006732787227,66.49000000000001,-6.3,-6_2
-6.0,2.0,1.6872999999999998,0.3790899179425871,2.316158344624622,55.5,-5.6,-6_2
-6.0,2.0,0.9086999999999998,0.7034289042509702,1.9867477526714996,32.34,-5.9,-6_2
-6.0,2.0,0.8177999999999999,0.4703642354685444,1.7516243653934431,64.35,-5.7,-6_2
-6.0,2.0,1.58804,0.8657323251323756,2.0884014427243542,66.57,-6.1,-6_2
-6.0,2.0,1.0524999999999998,0.6142591423132344,1.864906477797252,92.7,-6.5,-6_2
-6.0,2.0,0.07890000000000136,0.674869501658324,2.1673884244220556,78.51,-6.3,-6_2
-6.0,2.0,0.3908999999999996,0.7720800293415636,2.0353104819860555,75.63,-6.3,-6_2
-6.0,2.0,0.35460000000000047,0.7205085973552828,2.05039350491748,43.86000000000001,-6.7,-6_2
-6.0,2.0,1.3422999999999996,0.6948540084351776,2.039024885437982,75.71000000000001,-6.4,-6_2
-6.0,2.0,4.467620000000003,0.5647883340445621,1.962051661085722,38.33,-6.5,-6_2
-6.0,2.0,2.8451000000000013,0.6750562392827982,2.124902384618803,30.490000000000002,-6.5,-6_2
-6.0,2.0,1.1690999999999996,0.755761974663797,1.941533090732948,43.7,-6.1,-6_2
-6.0,2.0,1.9955999999999998,0.6501164892002397,2.075184607860182,36.53,-6.4,-6_2
-6.0,2.0,2.7349000000000014,0.3359930371915321,1.8920640413765302,52.6,-6.2,-6_2
-6.0,2.0,2.2438000000000002,0.8881200484673825,1.9491072789079205,64.63000000000001,-6.2,-6_2
-6.0,2.0,0.9680999999999994,0.7858427378551575,2.0779705907329475,43.95,-6.7,-6_2
-6.0,2.0,1.5969000000000002,0.41520977534220366,1.7622564652539907,55.120000000000005,-5.9,-6_2
-6.0,2.0,3.073800000000001,0.70270987907928,2.008349224745393,17.82,-6.1,-6_2
-6.0,2.0,2.5292000000000003,0.6797110527052422,2.0718202488327346,59.92,-7.0,-6_2
-6.0,2.0,2.2657000000000007,0.7083377635268014,2.026277508769061,53.089999999999996,-6.2,-6_2
-6.0,2.0,2.4728000000000003,0.6113119317305222,2.1377904333902897,80.44,-6.2,-6_2
-6.0,2.0,2.1361999999999997,0.8834785565477011,1.870656195726994,41.13,-5.8,-6_2
-6.0,2.0,1.7343999999999997,0.8033896120003595,1.964278735977441,61.03,-6.0,-6_2
-6.0,2.0,4.042100000000003,0.8199851915452695,1.9137774169421409,12.47,-6.1,-6_2
-6.0,2.0,1.282,0.6637797017697649,3.6433853984252558,39.44,-7.0,-6_2
-6.0,2.0,2.2784000000000004,0.5417769015707353,2.0900734876991294,44.370000000000005,-6.2,-6_2
-6.0,2.0,4.1357000000000035,0.5977264624693427,2.1218254264962244,0.0,-6.8,-6_2
-6.0,2.0,4.383700000000003,0.7228228377095077,2.0229424855015257,29.1,-6.3,-6_2
-6.0,2.0,1.7337999999999998,0.6130220459036749,2.242583790033647,91.28,-6.2,-6_2
-6.0,2.0,2.491600000000001,0.7454217817944944,2.0260356182996055,38.77,-5.8,-6_2
-6.0,2.0,3.1923000000000012,0.4326047935011686,2.0654042504870063,67.75999999999999,-6.7,-6_2
-6.0,2.0,3.048020000000001,0.8730968351128278,2.023192510574937,29.1,-5.9,-6_2
-6.0,2.0,4.560300000000004,0.4186182403561347,1.8454558633902316,29.540000000000003,-6.0,-6_2
-6.0,2.0,1.8970999999999996,0.7867852800849221,2.197359492430291,54.620000000000005,-6.1,-6_2
-6.0,2.0,4.158200000000003,0.7441654917284518,2.0712719348676547,27.05,-6.3,-6_2
-6.0,2.0,1.3466,0.5584021833621364,1.8118869368867934,49.620000000000005,-6.4,-6_2
-6.0,2.0,1.4968999999999995,0.8169166026009796,2.1299755656493353,49.410000000000004,-6.7,-6_2
-6.0,2.0,1.7197,0.8568638271460574,1.9907409900024877,61.03,-6.1,-6_2
-6.0,2.0,0.9409000000000001,0.7013745802272673,2.28437327799983,35.5,-5.8,-6_2
-6.0,2.0,0.612,0.4288139727465018,1.9279658184565918,115.33,-5.8,-6_2
-6.0,2.0,1.6780000000000002,0.6615960576897382,1.956932732951195,69.39,-6.2,-6_2
-6.0,2.0,1.9116,0.6747301036698657,2.238600035372812,78.43,-6.4,-6_2
-6.0,2.0,2.7224000000000004,0.4967498916662593,2.059880104170878,81.47,-5.9,-6_2
-6.0,2.0,3.5893000000000024,0.7096447362674525,2.3729271182996072,61.830000000000005,-6.5,-6_2
-6.0,2.0,1.8509999999999998,0.7962040203420392,2.081847466586016,79.9,-7.3,-6_2
-6.0,2.0,2.0829999999999993,0.8136128748858148,2.470199112295889,66.76,-7.0,-6_2
-6.0,2.0,2.34842,0.6451612497826285,2.0694505283288507,63.6,-6.1,-6_2
-6.0,2.0,2.0656000000000003,0.782160030872653,2.0787929203024564,9.72,-6.2,-6_2
-6.0,2.0,2.1721000000000004,0.7990996151905208,2.0357884753483315,32.7,-5.9,-6_2
-6.0,2.0,2.26512,0.8246331257769225,2.1477498131409725,38.05,-5.9,-6_2
-6.0,2.0,1.577,0.8500815719325522,2.071001851331282,81.18,-6.6,-6_2
-6.0,2.0,2.7689000000000012,0.44587233584224467,1.9855351554258238,47.56,-5.9,-6_2
-6.0,2.0,1.2084999999999995,0.7849390771446836,2.0029767210928675,66.4,-6.3,-6_2
-6.0,2.0,2.1771000000000003,0.5811154856732595,2.103264528860038,78.15,-6.3,-6_2
-6.0,2.0,2.3667000000000007,0.8330455502266886,2.0770047751043403,72.31,-7.1,-6_2
-6.0,2.0,0.23480000000000023,0.7999900721757098,2.0541779259919153,98.49,-6.2,-6_2
-6.0,2.0,2.3256000000000006,0.56725518856395,2.1139092404294537,71.62,-6.4,-6_2
-6.0,2.0,1.8466999999999998,0.43410719683380883,2.132921312739862,74.07,-5.8,-6_2
-6.0,2.0,1.0724000000000002,0.8149348236931283,2.2616859221207584,45.17,-6.0,-6_2
-6.0,2.0,3.835200000000003,0.7636019513108175,2.220290035877122,3.24,-6.4,-6_2
-6.0,2.0,3.3045000000000018,0.6459010808981986,1.991678761812933,56.790000000000006,-6.7,-6_2
-6.0,2.0,2.450100000000001,0.8290998522183116,1.814691599571674,77.22999999999999,-6.7,-6_2
-6.0,2.0,1.8301,0.603873373700907,1.9755068287068482,64.84,-5.9,-6_2
-6.0,2.0,1.9344,0.7162509822785172,1.8125023215021798,44.24,-6.2,-6_2
-6.0,2.0,3.416500000000002,0.6722261549682463,2.0319297939565732,77.88,-6.6,-6_2
-6.0,2.0,2.7666000000000013,0.9008196452556136,1.9977516497138605,30.49,-6.7,-6_2
-6.0,2.0,1.1337999999999997,0.6828342453545725,2.104032786467153,97.36,-6.1,-6_2
-6.0,2.0,0.8678999999999992,0.7974490775769505,1.9744508627770099,67.43,-5.9,-6_2
-6.0,2.0,3.4700200000000025,0.7827865583837038,1.9118872865371443,24.06,-6.4,-6_2
-6.0,2.0,2.093,0.7668572273223365,2.025573332233021,21.700000000000003,-5.7,-6_2
-6.0,2.0,2.8888000000000016,0.7646303392358859,1.9327207357859475,3.24,-6.0,-6_2
-6.0,2.0,3.2982000000000014,0.8752827143698627,1.9108100418808398,41.99,-6.5,-6_2
-6.0,2.0,0.1653000000000005,0.7836186123608686,1.9110027896783652,81.86000000000001,-6.3,-6_2
-6.0,2.0,1.8682999999999996,0.7816528335499716,2.060298900745078,99.36,-6.5,-6_2
-6.0,2.0,2.2856,0.7795479053768253,2.156626551921031,38.91,-5.7,-6_2
-6.0,2.0,1.9908999999999997,0.7338271590635297,1.9194999985601537,84.5,-6.6,-6_2
-6.0,2.0,1.2576,0.7752618172625412,2.0213916195672628,68.72999999999999,-6.8,-6_2
-6.0,2.0,4.778900000000003,0.7299138821195796,2.154751507627081,33.95,-6.8,-6_2
-6.0,2.0,2.2968200000000003,0.8233635089853394,2.0118082779998296,55.13,-5.9,-6_2
-6.0,2.0,2.3925,0.8294230740633634,1.9251983126097887,54.98,-7.1,-6_2
-6.0,2.0,2.02902,0.5839584784819273,2.436301001967278,59.39,-5.7,-6_2
-6.0,2.0,2.7124000000000006,0.7153532320724658,1.9840595725589285,17.82,-5.8,-6_2
-6.0,2.0,2.8888000000000016,0.7646303392358859,1.9327207357859475,3.24,-6.0,-6_2
-6.0,2.0,1.2064,0.789375962038277,2.885294431481517,63.60000000000001,-6.2,-6_2
-6.0,2.0,1.9466999999999999,0.33012920934049866,2.1283309928308487,82.32999999999998,-5.7,-6_2
-6.0,2.0,2.5837400000000006,0.8489671904749566,1.7334555450512603,32.34,-6.8,-6_2
-6.0,2.0,1.98494,0.8156394787276129,1.9810942741482496,68.39000000000001,-5.7,-6_2
-6.0,2.0,1.6151999999999993,0.7796845889251736,2.0121028384331865,88.85000000000001,-6.2,-6_2
-6.0,2.0,1.0558999999999998,0.8407542540283319,1.8819036592948208,59.81,-6.4,-6_2
-6.0,2.0,2.0024,0.7829880066494549,1.9111465646222072,66.48,-6.4,-6_2
-6.0,2.0,2.4392200000000006,0.7156509656827473,2.004358833634406,21.700000000000003,-6.0,-6_2
-6.0,2.0,-0.4107000000000003,0.7409580849191625,1.8867835034193003,89.25999999999999,-6.0,-6_2
-6.0,2.0,1.1533999999999989,0.748257257292724,2.072071363181225,84.23,-6.7,-6_2
-6.0,2.0,1.7023,0.8289784778204009,2.07299735981411,67.87,-5.8,-6_2
-6.0,2.0,3.1170000000000018,0.6241354136535703,2.1118699568076575,65.49000000000001,-6.9,-6_2
-6.0,2.0,2.0434999999999994,0.783283271821876,2.153085026160669,45.760000000000005,-5.7,-6_2
-6.0,2.0,3.3615000000000013,0.6830961384873884,2.0979117050889204,71.34,-6.8,-6_2
-6.0,2.0,2.9734000000000016,0.7417017846426778,2.0622938108638795,24.06,-6.6,-6_2
-6.0,2.0,2.8880000000000017,0.7387444217313055,2.5186076233000136,29.1,-6.0,-6_2
-6.0,2.0,1.4385000000000001,0.6218157582679217,2.1234466750209986,67.49000000000001,-6.8,-6_2
-6.0,3.0,2.2873800000000006,0.6839283097526704,3.0156855796884203,49.81,-6.5,-6_3
-6.0,3.0,2.9890000000000017,0.7486735180362627,3.0625561616523047,28.72,-6.9,-6_3
-6.0,3.0,2.11932,0.4989175060236086,3.4038315522714084,75.06,-5.9,-6_3
-6.0,3.0,-1.4574999999999998,0.5364187757500162,2.9927001283116805,98.7,-5.8,-6_3
-6.0,3.0,3.2346000000000013,0.8686794720164693,2.816591759199408,49.410000000000004,-6.9,-6_3
-6.0,3.0,2.10084,0.8580020079456981,2.8815120357781794,58.040000000000006,-6.2,-6_3
-6.0,3.0,2.2460999999999998,0.6425629647125443,4.369710637289975,60.69,-5.2,-6_3
-6.0,3.0,0.8484999999999998,0.41455963594172834,2.6809407209126146,66.73,-5.5,-6_3
-6.0,3.0,4.0881000000000025,0.6628361788025716,1.7994156872819644,0.0,-5.4,-6_3
-6.0,3.0,3.684400000000001,0.8186275669755678,3.0897752356867105,53.6,-6.4,-6_3
-6.0,3.0,0.8614999999999999,0.33490087698221394,2.3110688448014507,90.75,-6.0,-6_3
-6.0,3.0,2.0523999999999996,0.6773468517651556,2.7438346449106223,67.77000000000001,-6.0,-6_3
-6.0,3.0,-0.6808000000000003,0.7163252309387763,2.9309409702166125,142.45999999999998,-6.3,-6_3
-6.0,3.0,1.5724999999999998,0.38810654822500085,2.4716983371714285,47.019999999999996,-6.2,-6_3
-6.0,3.0,2.5624000000000007,0.6147456688933903,2.937736467843642,72.03,-5.8,-6_3
-6.0,3.0,0.7113000000000038,0.15608163304698472,2.835081908689915,146.07,-6.8,-6_3
-6.0,3.0,2.2743,0.7329810197335669,2.8511554987597023,27.96,-6.1,-6_3
-6.0,3.0,3.2509000000000006,0.3094780137988628,3.077169406319314,89.62,-5.4,-6_3
-6.0,3.0,1.58325,0.22066972039403016,3.200742824676201,113.32,-6.2,-6_3
-6.0,3.0,1.73224,0.7260962853280982,3.061797442316519,67.59,-5.5,-6_3
-6.0,3.0,2.066699999999999,0.5625785451078846,2.616808751851421,116.76,-7.1,-6_3
-6.0,3.0,1.93224,0.5037750440374841,3.5483755515806124,109.75,-6.0,-6_3
-6.0,3.0,0.74559,0.5398416470455393,3.209126739538293,75.7,-4.9,-6_3
-6.0,3.0,1.9555999999999996,0.7689849658700991,2.7856300078061533,50.72,-6.8,-6_3
-6.0,3.0,-0.2578000000000004,0.26823767067667187,3.286939931915141,58.56,-4.6,-6_3
-6.0,3.0,1.4908,0.7353009714420862,2.839827536282126,54.38000000000001,-5.6,-6_3
-6.0,3.0,2.0606999999999998,0.6237716335046516,3.0380447467108933,81.45,-5.9,-6_3
-6.0,3.0,-1.934299999999995,0.06779446745334444,3.5251842376037086,215.07,-6.3,-6_3
-6.0,3.0,4.156300000000003,0.3498366827863742,2.743654444166504,114.69,-6.6,-6_3
-6.0,3.0,-3.3687999999999994,0.5254160245013423,3.0874587896783634,162.53,-5.9,-6_3
-6.0,3.0,-0.34319999999999723,0.7311661275918252,3.262882967974136,58.8,-5.7,-6_3
-6.0,3.0,3.2585000000000015,0.6183264043519081,2.5515979382485803,41.9,-6.3,-6_3
-6.0,3.0,-0.9277999999999988,0.4536012775764165,3.2782059238179757,75.43,-5.4,-6_3
-6.0,3.0,0.10729999999999984,0.6299916510981073,3.2049737621021652,112.46000000000001,-5.6,-6_3
-6.0,3.0,2.0348999999999995,0.7124249454462632,3.032000421990684,65.38000000000001,-6.1,-6_3
-6.0,3.0,0.45309999999999967,0.6308434813935588,3.3509067504056445,71.23,-5.9,-6_3
-6.0,3.0,0.6267000000000003,0.858875062482981,2.979908609900539,111.10000000000001,-6.4,-6_3
-6.0,3.0,0.37199999999999966,0.3723006058641094,3.6271413489191886,72.8,-5.1,-6_3
-6.0,3.0,3.760200000000002,0.44133264782465226,2.678000477029288,66.4,-6.3,-6_3
-6.0,3.0,1.2342000000000002,0.6558105912930824,2.774111112710969,90.06,-5.8,-6_3
-6.0,3.0,1.01788,0.7720516435086575,3.237990083739941,93.27000000000001,-5.4,-6_3
-6.0,3.0,-0.09600000000000053,0.4573701262822031,3.266326691954532,40.620000000000005,-5.5,-6_3
-6.0,3.0,-0.20503000000000038,0.30368451704223515,3.610634807359263,128.73,-6.2,-6_3
-6.0,3.0,1.0757999999999999,0.7889599556455799,2.9458761972251715,59.730000000000004,-6.3,-6_3
-6.0,3.0,2.9170000000000007,0.8766646971923233,3.130712602324156,60.16,-5.3,-6_3
-6.0,3.0,1.9182,0.641381595817868,2.5168421057082497,41.129999999999995,-6.5,-6_3
-6.0,3.0,-0.6564999999999988,0.7394617162622314,2.82807234306512,94.99000000000001,-6.0,-6_3
-6.0,3.0,3.2916000000000016,0.699047464028429,3.059838235816784,59.31,-6.9,-6_3
-6.0,3.0,2.2157,0.7528823251524308,3.4689821527599145,24.83,-6.5,-6_3
-6.0,3.0,-0.05489999999999773,0.5367337507425802,3.285666834674819,95.66,-5.6,-6_3
-6.0,3.0,4.232980000000004,0.40637733714289614,2.5295222255092753,79.63,-7.6,-6_3
-6.0,3.0,0.9075799999999999,0.5683684559095861,2.9828224969112718,84.74,-5.6,-6_3
-6.0,3.0,3.099000000000002,0.7760901562255175,2.815595015047208,34.480000000000004,-6.0,-6_3
-6.0,3.0,3.429020000000002,0.5877586750052273,2.584347752950258,39.44,-6.0,-6_3
-6.0,3.0,-1.5519999999999992,0.5424749754248607,3.0006823495731467,85.13,-5.9,-6_3
-6.0,3.0,0.8529999999999998,0.42028071443129106,2.9498077336842226,145.85000000000002,-6.1,-6_3
-6.0,3.0,1.9537,0.8500817647405203,2.917462287784465,41.57,-6.3,-6_3
-6.0,3.0,2.3068999999999997,0.8733320320217829,2.4444668699971626,38.33,-6.7,-6_3
-6.0,3.0,3.013300000000002,0.8576919921232734,3.040514783674645,77.25,-6.0,-6_3
-6.0,3.0,2.2519,0.440890601185872,3.005836265657063,43.07,-6.1,-6_3
-6.0,3.0,1.1648999999999996,0.41765792781874655,2.944641796246634,92.41999999999999,-7.3,-6_3
-6.0,3.0,1.3909999999999998,0.743251773069701,3.793422338625547,27.63,-6.2,-6_3
-6.0,3.0,2.4702,0.4254802022003496,2.9380582285085772,69.15,-5.7,-6_3
-6.0,3.0,0.482,0.5763212021639287,3.296106882875959,35.910000000000004,-5.3,-6_3
-6.0,3.0,-0.889299999999998,0.3482896695371472,3.606812122379533,107.72,-5.5,-6_3
-6.0,3.0,1.1750999999999998,0.550941835132001,3.4994613304362208,92.79999999999998,-6.2,-6_3
-6.0,3.0,0.6243000000000001,0.45293684260757167,3.438410728997746,86.55,-5.8,-6_3
-6.0,3.0,2.904600000000001,0.8397280097627787,3.002841651563731,81.43,-6.3,-6_3
-6.0,3.0,3.1137000000000015,0.7499659848757257,3.919648277635364,20.23,-6.2,-6_3
-6.0,3.0,2.36684,0.7286596816706916,3.0416693289352477,43.08,-6.0,-6_3
-6.0,3.0,-0.012680000000000247,0.7529351505498516,2.8087061019183626,60.05,-5.8,-6_3
-6.0,3.0,1.42382,0.6970735777553655,2.971089072720055,67.59,-5.7,-6_3
-6.0,3.0,1.6812,0.7936268645449102,2.834901960452223,68.53,-6.0,-6_3
-6.0,3.0,1.1989,0.6989368092043179,3.4668313983604735,49.66,-5.5,-6_3
-6.0,3.0,1.2834999999999994,0.7700340183898212,2.8172229397683424,84.7,-7.3,-6_3
-6.0,3.0,2.600500000000001,0.644041078582,2.9110859798338673,79.12,-5.8,-6_3
-6.0,3.0,3.1513000000000018,0.48906399759166036,3.2756629885209723,40.540000000000006,-5.8,-6_3
-6.0,3.0,2.6751000000000005,0.5070501569807976,2.758190179136623,111.51000000000002,-6.3,-6_3
-6.0,3.0,4.230480000000003,0.592249704230211,3.31184463676633,74.50999999999999,-6.6,-6_3
-6.0,3.0,1.47088,0.6515962493239323,3.369517385583662,48.71,-4.8,-6_3
-6.0,3.0,-0.4773000000000007,0.6877422025598421,2.735888503419302,72.68,-6.0,-6_3
-6.0,3.0,1.265,0.6261134600022857,3.231430514749311,83.29,-6.2,-6_3
-6.0,3.0,3.2212000000000014,0.6900097256100124,2.8352331071609473,12.89,-6.1,-6_3
-6.0,3.0,0.20980000000000265,0.195489145140529,2.8635598180030044,146.09999999999997,-6.3,-6_3
-6.0,3.0,-3.3687999999999994,0.5254160245013423,3.0874587896783634,162.53,-5.9,-6_3
-6.0,3.0,4.662200000000003,0.5689176996685158,2.7678730433790175,25.78,-5.9,-6_3
-6.0,3.0,-1.0614000000000001,0.6310843512371666,3.0968715803423787,139.54,-5.8,-6_3
-6.0,3.0,1.80098,0.6038381568251993,3.1656144094142658,90.03,-5.5,-6_3
-6.0,3.0,1.78,0.4403352765929817,2.9779205192395963,66.24000000000001,-5.4,-6_3
-6.0,3.0,1.4372,0.7819488805464103,2.5305846572654556,45.150000000000006,-5.3,-6_3
-6.0,3.0,1.6754999999999995,0.4114699762202824,2.325848633029418,61.69,-6.1,-6_3
-6.0,3.0,1.68562,0.6432016419155872,2.9589532185084924,50.69,-6.2,-6_3
-6.0,3.0,0.3477999999999999,0.4253980817399117,3.4814114587799825,78.84,-6.1,-6_3
-6.0,3.0,3.3835000000000024,0.6700106942640143,2.9039869981789277,23.47,-5.7,-6_3
-6.0,3.0,2.4778000000000002,0.7079820398439997,3.1914377958162685,75.43,-6.6,-6_3
-6.0,3.0,1.1052,0.5010879662909146,4.072685527713368,77.28,-5.7,-6_3
-6.0,3.0,0.24460000000000015,0.3585783207558281,2.593158889532864,124.88999999999999,-6.2,-6_3
-6.0,3.0,-0.1445000000000003,0.7363854483160863,2.804036579838069,67.15,-6.6,-6_3
-6.0,3.0,2.16732,0.9268647917266128,3.2170400413765305,76.29,-5.6,-6_3
-6.0,3.0,1.47498,0.8009530535063109,2.860837121938756,53.56,-5.7,-6_3
-6.0,3.0,2.07248,0.2893913602112316,3.3775568828439004,79.24,-6.0,-6_3
-6.0,3.0,-0.4615000000000002,0.5743562618679584,2.9133922336793194,70.59,-5.7,-6_3
-6.0,3.0,2.4149400000000005,0.676083156726674,2.7632216519055746,38.92,-5.2,-6_3
-6.0,3.0,1.1223999999999998,0.8153548615044205,2.7589882779998316,59.81,-5.7,-6_3
-6.0,3.0,1.92096,0.8763637079331917,3.1765754050629784,102.69999999999999,-6.0,-6_3
-6.0,3.0,3.764700000000003,0.7561547388122781,2.6518826204715076,64.63,-6.6,-6_3
-6.0,3.0,1.91586,0.8139395594597689,3.172066940621759,90.43,-6.0,-6_3
-6.0,3.0,-1.584699999999998,0.5104433696461729,2.8556746265741992,115.81000000000002,-6.3,-6_3
-6.0,3.0,3.859700000000003,0.8082063366645029,3.053762783674646,55.760000000000005,-6.4,-6_3
-6.0,3.0,0.04939999999999989,0.6878416058030722,3.6798229748391185,75.27,-5.5,-6_3
-6.0,3.0,1.7192,0.8831920710987756,3.2612004219906847,64.24000000000001,-6.3,-6_3
-6.0,3.0,2.599,0.37880397119480014,2.832125960226602,44.7,-7.1,-6_3
-6.0,3.0,2.821300000000001,0.5961550779996848,2.153737271184797,15.79,-5.6,-6_3
-6.0,3.0,1.3749999999999998,0.498108478091048,3.3184040034024918,66.24000000000001,-5.2,-6_3
-6.0,3.0,-0.33350000000000035,0.5093205328152242,3.3797596193150987,72.91,-5.1,-6_3
-6.0,3.0,2.1529999999999996,0.7194697766060858,3.289202783430623,49.33,-6.2,-6_3
-6.0,3.0,1.99704,0.602898328277994,2.2788615803423777,46.17,-6.9,-6_3
-6.0,3.0,2.4862,0.7392357676734714,2.6571881907572674,32.86,-6.1,-6_3
-6.0,3.0,3.2295000000000007,0.7095357879370104,2.9485698164613687,25.25,-5.7,-6_3
-6.0,3.0,3.275800000000001,0.6819077007312679,3.2066511972251712,32.34,-5.7,-6_3
-6.0,3.0,1.0044999999999997,0.776822040786053,2.9293119858281305,59.42000000000001,-5.7,-6_3
-6.0,3.0,2.6328000000000014,0.769330684591635,3.54356157383435,63.6,-6.3,-6_3
-6.0,3.0,1.0388999999999995,0.83351677262886,3.355916838864756,84.3,-6.4,-6_3
-6.0,3.0,2.3117,0.7212672420609522,2.943673337940913,32.67,-6.9,-6_3
-6.0,3.0,2.659100000000001,0.2834265635147939,2.7407919477193534,121.88,-6.5,-6_3
-6.0,4.0,-0.8519000000000003,0.5223253473866863,4.54714874780586,139.54000000000002,-6.6,-6_4
-6.0,4.0,1.4389999999999998,0.5126804398683064,3.822530564610089,55.730000000000004,-5.8,-6_4
-6.0,4.0,3.2309600000000023,0.3659326307585785,3.5908437183818025,52.080000000000005,-6.7,-6_4
-6.0,4.0,1.4868999999999999,0.7635647095733115,2.8475839258330016,43.84,-5.5,-6_4
-6.0,4.0,1.8727000000000003,0.47510042767956334,4.152952616520826,64.65,-6.7,-6_4
-6.0,4.0,0.9752999999999993,0.6220200138459197,2.6830920758531125,92.42,-5.7,-6_4
-6.0,4.0,2.908400000000001,0.6461456008504705,3.910654234065772,26.3,-5.9,-6_4
-6.0,4.0,-1.9799999999999989,0.49051986767922334,3.5313095881349117,139.54000000000002,-6.4,-6_4
-6.0,4.0,1.3578999999999999,0.8025475405217511,3.9240784969112728,94.15,-6.9,-6_4
-6.0,4.0,3.212600000000001,0.10811621279338586,4.105665794089757,136.02,-6.6,-6_4
-6.0,4.0,2.1668000000000003,0.7940043157570505,3.880662615116707,60.77,-6.0,-6_4
-6.0,4.0,3.0945800000000014,0.7533064582285486,4.266995569053655,35.82,-5.6,-6_4
-6.0,4.0,-1.9799999999999989,0.49051986767922334,3.5313095881349117,139.54000000000002,-6.3,-6_4
-6.0,4.0,-0.6899,0.6279395799602252,4.393767789088578,88.38000000000001,-5.8,-6_4
-6.0,4.0,-0.39070000000000027,0.6632978868388916,4.03121966320193,55.81,-5.9,-6_4
-6.0,4.0,0.1402999999999997,0.45966579562773513,4.327749460452223,111.13,-5.9,-6_4
-6.0,4.0,-0.8355999999999992,0.5276042340705656,4.053770422755379,85.83,-6.8,-6_4
-6.0,4.0,1.42454,0.6447700090921151,3.7215987990149433,79.83999999999999,-6.1,-6_4
-6.0,4.0,0.5995800000000003,0.8161897808337694,3.551207867119351,87.19,-5.2,-6_4
-6.0,4.0,0.47609999999999986,0.3104241264014987,4.034505037375299,136.4,-5.9,-6_4
-6.0,4.0,2.505300000000001,0.500096521715915,3.33435592081627,110.65,-6.2,-6_4
-6.0,4.0,0.020979999999999777,0.6641498055166675,4.060189246073209,56.13,-5.2,-6_4
-6.0,4.0,0.8890799999999994,0.7872917734862334,4.474448778094882,56.13,-6.3,-6_4
-6.0,4.0,5.586300000000006,0.16496289953595256,4.316984865008428,61.830000000000005,-6.2,-6_4
-6.0,4.0,1.8401999999999998,0.6486852146986628,3.5830472528866535,57.42,-5.7,-6_4
-6.0,4.0,-0.4645799999999991,0.6543003571477282,4.06870239733637,120.27,-6.8,-6_4
-6.0,4.0,-2.7721999999999962,0.07018235512432915,4.196622798674165,230.14000000000001,-5.7,-6_4
-6.0,4.0,-0.26041999999999915,0.44582134544204266,5.0048517275308555,59.879999999999995,-5.3,-6_4
-6.0,4.0,-0.5008999999999995,0.14208020863139648,3.3749697098755194,160.03000000000003,-7.2,-6_4
-6.0,4.0,1.0153999999999999,0.5077419091983502,3.0548506523169294,65.62,-5.7,-6_4
-6.0,4.0,-0.40491999999999745,0.5141629515381153,4.18951015288999,99.22,-5.8,-6_4
-6.0,4.0,0.9729,0.579977628843092,3.524234629194485,95.78999999999999,-6.4,-6_4
-6.0,4.0,1.5391000000000001,0.4756036608482275,3.0570256830829283,74.37,-6.7,-6_4
-6.0,4.0,0.8921999999999997,0.5719161068178471,3.4905943629208167,58.2,-6.0,-6_4
-6.0,4.0,0.47548,0.8637289669520589,3.9434741832152476,83.01,-5.8,-6_4
-6.0,4.0,0.17959999999999976,0.7080319119940819,2.9500461691501325,58.92,-5.7,-6_4
-6.0,4.0,1.3815999999999995,0.7249361728226513,3.931547537375299,64.18,-5.8,-6_4
-6.0,4.0,0.6674999999999999,0.7490518766964802,3.441859878164715,139.28,-7.0,-6_4
-6.0,4.0,0.05318000000000028,0.6930152317135063,4.010726972195189,93.43,-5.8,-6_4
-6.0,4.0,-1.4225199999999998,0.5135339672535802,4.628899870369766,93.79,-5.8,-6_4
-6.0,4.0,-1.6353,0.4743546950443421,3.884021567830632,139.54,-6.2,-6_4
-6.0,4.0,1.3380800000000002,0.5223381362791681,4.3852370347694665,53.33,-6.2,-6_4
-6.0,4.0,3.8828200000000024,0.668320340840869,3.0641424926844216,40.540000000000006,-6.6,-6_4
-6.0,4.0,2.7064000000000012,0.4933137406877124,3.458987576172941,26.3,-5.2,-6_4
-6.0,4.0,-2.8519,0.4435105912731592,3.4839049824931045,124.77999999999999,-5.9,-6_4
-6.0,4.0,-0.034030000000000615,0.6066498131724251,3.7713349608745856,113.8,-6.6,-6_4
-6.0,4.0,0.4113999999999991,0.7268277900194697,3.4998140386724508,100.54999999999998,-6.8,-6_4
-6.0,4.0,1.5378999999999998,0.7495418405615142,4.02144384795628,74.6,-5.1,-6_4
-6.0,4.0,1.4340999999999995,0.5581525791344869,4.199555592071269,98.99,-6.2,-6_4
-6.0,4.0,1.7660999999999998,0.7188142610302781,3.616950513235876,55.120000000000005,-5.7,-6_4
-6.0,4.0,1.49198,0.7124822783241979,4.370120598146045,83.75999999999999,-6.1,-6_4
-6.0,4.0,1.4318999999999995,0.6614152696260613,3.9685990101954065,36.92,-6.5,-6_4
-6.0,4.0,1.5095,0.6807496736870265,4.342043872325177,82.03,-7.2,-6_4
-6.0,4.0,2.0606999999999998,0.7002959865534271,5.62884733174741,41.489999999999995,-6.3,-6_4
-6.0,4.0,-0.5104999999999997,0.36067488068174874,3.312607816007673,72.91,-5.8,-6_4
-6.0,4.0,-5.354699999999992,0.21205173089014126,4.186448874752161,189.52999999999997,-5.9,-6_4
-6.0,4.0,2.05306,0.7663877645358823,3.667371901921758,88.03999999999999,-6.0,-6_4
-6.0,4.0,4.629900000000005,0.36562189752849944,3.4250853254588263,78.66999999999999,-6.6,-6_4
-6.0,4.0,1.0542000000000002,0.771814136140633,3.8406914203540232,92.42,-5.9,-6_4
-6.0,4.0,-0.5139,0.5062223859931096,3.9941139720243957,127.69999999999999,-6.3,-6_4
-6.0,4.0,-1.8566000000000007,0.49812677934883093,3.772141228192967,133.75,-6.2,-6_4
-6.0,4.0,0.7562999999999998,0.6448298508434669,4.536810029369094,71.06,-6.2,-6_4
-6.0,4.0,4.035820000000003,0.7633060449865289,3.0224667681445307,3.24,-6.3,-6_4
-6.0,4.0,1.1245999999999998,0.6534595221557311,4.58914090100558,82.69,-6.2,-6_4
-6.0,4.0,2.3782999999999994,0.22252787059469328,3.7244481390972517,133.52,-6.0,-6_4
-6.0,4.0,-0.10939999999999811,0.2459515885041565,3.917376104439504,87.10000000000001,-7.0,-6_4
-6.0,4.0,0.9185999999999999,0.6950226400998104,3.615665957865815,31.23,-5.7,-6_4
-6.0,4.0,2.822500000000001,0.8463439556385942,3.27951151158247,58.56,-7.1,-6_4
-6.0,4.0,2.630600000000001,0.6410401477519937,4.019218574640654,70.0,-5.6,-6_4
-6.0,4.0,2.4606000000000003,0.8125825085622197,3.7574114686794635,77.84,-6.6,-6_4
-6.0,4.0,2.2675,0.5803808054160974,4.289808855734027,3.24,-5.7,-6_4
-6.0,4.0,0.36720000000000086,0.4141543332481013,4.149302520489369,91.25999999999999,-6.9,-6_4
-6.0,4.0,2.1712,0.6588943669782107,3.413773078230185,70.0,-6.4,-6_4
-6.0,4.0,1.3597799999999998,0.5102721668790207,3.73338222641691,118.88,-7.1,-6_4
-6.0,4.0,-0.33939999999999954,0.4725449524381532,3.596132926169342,170.76,-7.2,-6_4
-6.0,4.0,4.205100000000002,0.25158488774662335,4.255370503294749,116.76000000000002,-6.3,-6_4
-6.0,4.0,1.34432,0.7182203749387394,3.0390539698538266,76.44,-6.1,-6_4
-6.0,4.0,0.794,0.6990323975269452,3.7447669756941213,106.94,-7.4,-6_4
-6.0,4.0,-0.21969999999999845,0.6551018270555017,3.6159421910317135,80.56000000000002,-6.2,-6_4
-6.0,4.0,3.419220000000003,0.8372082365010066,4.026416254408845,73.91,-6.6,-6_4
-6.0,4.0,2.123099999999999,0.46490647599289975,3.9313186068250197,72.72,-5.5,-6_4
-6.0,4.0,2.6685000000000008,0.4734281165934633,3.2019435049174785,25.88,-5.8,-6_4
-6.0,4.0,2.6090800000000005,0.8090966664863812,3.307066257270497,90.27000000000001,-6.7,-6_4
-6.0,4.0,1.8380999999999998,0.4710153196320272,4.033028919468239,87.07,-6.7,-6_4
-6.0,4.0,1.8860000000000003,0.8326128239972141,4.23288615782179,77.84,-6.1,-6_4
-6.0,4.0,1.4253000000000002,0.7028285746861861,3.768998496911273,135.84,-6.0,-6_4
-6.0,4.0,-0.366399999999994,0.04990482569170895,4.254683954879388,212.47000000000003,-6.9,-6_4
-6.0,4.0,1.1367,0.6639140879115102,4.142383442470528,82.7,-5.7,-6_4
-6.0,4.0,0.5444999999999995,0.674795791058881,3.8466327829098397,58.56,-5.3,-6_4
-6.0,4.0,-2.486999999999999,0.46923303645813136,3.7141688083881634,162.39999999999998,-7.2,-6_4
-6.0,4.0,2.2463000000000006,0.5295618126609907,3.5440886177326636,80.56000000000002,-6.7,-6_4
-6.0,4.0,2.557200000000001,0.7619707396171527,4.197328030913814,38.33,-5.7,-6_4
-6.0,4.0,-1.7528999999999968,0.3828486071583694,4.0434804403912,183.82,-6.5,-6_4
-6.0,4.0,0.2912799999999998,0.693417951065353,4.641692356327438,70.12,-5.5,-6_4
-6.0,4.0,2.9138,0.6464500647910533,3.8494781892189653,43.07,-6.0,-6_4
-6.0,4.0,0.1489799999999999,0.6959577607716445,4.3938852645688335,56.13,-6.4,-6_4
-6.0,4.0,2.134100000000001,0.4907566855500949,3.7704809910301282,107.69,-7.4,-6_4
-6.0,4.0,1.5492999999999997,0.7524644277220294,3.5082548743286504,91.66999999999999,-5.9,-6_4
-6.0,4.0,1.5004,0.7985023619287135,3.81352907200886,53.49,-5.7,-6_4
-6.0,4.0,1.7402999999999997,0.8083624638235211,3.896653469624429,77.84,-6.8,-6_4
-6.0,4.0,1.9476,0.5706708322268114,3.9687770156702937,75.99000000000001,-6.3,-6_4
-6.0,4.0,3.074300000000002,0.4262499613750592,4.184599006974636,80.29000000000002,-5.9,-6_4
-6.0,4.0,2.2927,0.8938147059444475,3.740784472990857,64.11,-6.7,-6_4
-6.0,4.0,2.3706000000000005,0.7734041407707355,3.9685884115267758,57.53,-5.8,-6_4
-6.0,4.0,-0.7607000000000004,0.675096974985483,4.568513891800819,84.55000000000001,-6.0,-6_4
-6.0,4.0,2.831100000000001,0.7423909762842322,4.4793306243033255,55.76,-6.0,-6_4
-6.0,4.0,-0.7632999999999985,0.3317473434813119,4.357306150304923,89.86,-5.4,-6_4
-6.0,4.0,-0.9115,0.474515693778909,5.599115795685795,118.14000000000001,-6.0,-6_4
-6.0,4.0,3.5796800000000024,0.35312503646230864,3.841321962879948,44.019999999999996,-5.7,-6_4
-6.0,4.0,2.8246800000000007,0.5706420699196618,4.7382078460237,48.71,-6.0,-6_4
-6.0,4.0,1.5221799999999994,0.7266593423878931,4.0523882238093485,76.36000000000001,-6.1,-6_4
-6.0,4.0,-0.3673999999999986,0.43311811943537676,3.7111694049477686,140.73000000000002,-6.3,-6_4
-6.0,4.0,2.4398999999999997,0.7771008537826577,3.6654538329041824,79.23,-6.9,-6_4
-6.0,4.0,-1.9799999999999989,0.49051986767922334,3.5313095881349117,139.54000000000002,-6.4,-6_4
