Target affinity,Predicted logps,Predicted qeds,Predicted sas,Predicted tpsas,Predicted affinity,key
-10.0,4.540500000000003,0.5023892229351493,2.432606543748429,104.37,-9.5,-10
-10.0,3.5111000000000017,0.683574311253504,1.8208863524206151,39.44,-8.5,-10
-10.0,5.828000000000003,0.35567719141207305,3.9162513874194733,91.93,-9.8,-10
-10.0,3.423420000000002,0.6563487603780873,3.969450050226735,100.88,-9.3,-10
-10.0,6.3354000000000035,0.2373669525697075,2.5108987697831804,117.37,-10.0,-10
-10.0,7.355700000000005,0.33720859250584917,2.706647695573194,53.089999999999996,-9.3,-10
-10.0,6.099720000000006,0.3104296608751774,2.7343722404776845,101.4,-10.3,-10
-10.0,4.988700000000004,0.284038125196256,3.887109088085402,93.54000000000002,-9.4,-10
-10.0,4.448940000000004,0.37746529754387587,2.6085343139667216,79.54,-10.4,-10
-10.0,2.5285,0.5566710513007151,2.4445210086576825,61.82,-8.4,-10
-10.0,4.7619200000000035,0.34614943316339836,2.604088714139568,96.03,-9.3,-10
-10.0,2.5913000000000004,0.5051111495991351,2.739547339103643,103.14,-9.1,-10
-10.0,4.544800000000004,0.31372730811577965,4.1396225465663,103.84,-9.0,-10
-10.0,4.722300000000003,0.6040296516587679,2.8855673640798507,62.21,-10.8,-10
-10.0,5.663400000000005,0.3698914694200002,2.094873110175449,79.62,-9.2,-10
-10.0,6.5441000000000065,0.4649496296826597,3.732804262760826,25.240000000000002,-8.3,-10
-10.0,5.470220000000005,0.2349965541527564,2.7144428838486867,103.24,-10.8,-10
-10.0,4.618520000000002,0.48390592486571987,2.703499982691852,77.46000000000001,-9.9,-10
-10.0,4.440300000000002,0.20585326843864335,3.2911343294422037,141.76000000000002,-9.1,-10
-10.0,6.391600000000004,0.3549347844698654,3.2929263549413372,79.74000000000001,-10.2,-10
-10.0,4.007500000000002,0.7422166461267379,2.345709727066941,51.32,-9.5,-10
-10.0,7.183200000000007,0.28067544922901344,3.515499630849435,63.83,-10.2,-10
-10.0,6.781100000000005,0.24322248236270527,2.3643221970579944,57.42,-10.9,-10
-10.0,3.7303400000000027,0.8891760327081836,1.7882971396217222,66.48,-8.9,-10
-10.0,5.597920000000003,0.3430118632943244,2.265389603090428,97.33999999999999,-10.1,-10
-10.0,4.260120000000003,0.5073137169385433,2.701245393224207,68.92,-10.2,-10
-10.0,3.906340000000003,0.5329996782286357,2.2888973900227967,70.78999999999999,-9.5,-10
-10.0,6.169700000000004,0.3070183122817875,2.4283655274603984,114.28000000000002,-10.1,-10
-10.0,10.34639999999999,0.17087916706499995,2.8738146795686124,41.57,-10.0,-10
-10.0,3.9578700000000016,0.3426991652752669,2.314372494078686,120.98,-8.7,-10
-10.0,3.327020000000002,0.5860021925366603,2.8614966781739444,102.82,-9.8,-10
-10.0,5.519300000000005,0.3019424543735082,2.5008823915519667,70.01,-9.7,-10
-10.0,3.614220000000002,0.3636914620242762,3.1048577188441975,146.92000000000002,-8.5,-10
-10.0,2.4360999999999997,0.29581478353947566,2.6391056711809373,165.33,-9.8,-10
-10.0,5.889300000000004,0.37998343805173623,2.1633189300135047,67.77000000000001,-10.0,-10
-10.0,5.586300000000005,0.34251141474672714,3.3149128360518763,96.03,-10.8,-10
-10.0,5.7729000000000035,0.4499751736855702,2.5934320325402247,57.7,-10.0,-10
-10.0,5.257900000000003,0.6493280303023419,2.2548885331227044,49.33,-10.2,-10
-10.0,2.9369400000000017,0.7370953267995473,3.1235384112644162,93.94999999999999,-9.9,-10
-10.0,3.2623700000000015,0.43903501885713436,2.7402993110464973,112.32999999999998,,-10
-10.0,4.932520000000003,0.5332264691506117,3.275614427109863,71.18,-8.9,-10
-10.0,7.0753000000000075,0.1689707539742791,4.3404775886880405,80.68,-9.5,-10
-10.0,4.720300000000005,0.5816228554968076,3.4714971781580575,64.85,-9.1,-10
-10.0,5.585820000000003,0.4223865841185213,2.227919045710289,79.04,-9.9,-10
-10.0,5.217600000000004,0.40247773170530043,2.1371121613402284,83.80000000000001,-10.6,-10
-10.0,2.9960000000000013,0.7767131828841723,3.00230026260944,83.88,-9.2,-10
-10.0,4.696500000000004,0.5890722291575613,3.026357398437023,20.310000000000002,-9.7,-10
-10.0,6.568520000000006,0.3363903614103998,2.2577370924230173,50.68,-10.7,-10
-10.0,5.276920000000004,0.20492991388937573,3.482005347916642,113.69,-9.5,-10
-10.0,5.456400000000003,0.1594102923716063,3.0956699443995896,115.22,-8.8,-10
-10.0,7.032700000000006,0.2351241309483385,2.6186997922506485,72.4,-9.2,-10
-10.0,4.467000000000002,0.3746641346163454,2.1667357278233563,67.34,-10.3,-10
-10.0,3.6303800000000015,0.7899176324772933,2.3164705708959765,77.73,-8.1,-10
-10.0,2.3696,0.7191212158035669,2.455533580249501,86.63,-9.6,-10
-10.0,3.769700000000002,0.4495732202337558,2.9181386479248417,71.22,-9.7,-10
-10.0,3.259900000000002,0.5479221034600747,3.525620212935957,43.84,-9.2,-10
-10.0,3.245700000000001,0.5592385334390797,3.158691374880836,98.82,-9.1,-10
-10.0,5.934800000000006,0.4443138711121986,3.639707165008481,69.72,-9.2,-10
-10.0,5.8419200000000036,0.41367653407834865,2.71028937999497,56.49,-8.7,-10
-10.0,5.575940000000004,0.44661095937568435,2.0996390182877125,92.43,-9.4,-10
-10.0,3.4943000000000017,0.39076713178585937,3.5599111294762924,110.84,-9.7,-10
-10.0,4.4096800000000025,0.7154778941320926,3.3172789511404357,52.89,-10.2,-10
-10.0,3.049800000000001,0.23699263980118218,4.404402070732379,131.59000000000003,-10.0,-10
-10.0,3.024420000000001,0.3397736621823247,3.473415950839847,138.09,-9.2,-10
-10.0,6.046000000000005,0.4203072477364413,2.1981686968807566,37.81,-8.9,-10
-10.0,1.8494999999999993,0.6713465227592174,4.756031594540259,123.11000000000001,-8.8,-10
-10.0,4.724900000000004,0.241156969550947,3.373026883848687,145.49999999999997,-10.8,-10
-10.0,3.285420000000001,0.4787717925339899,2.7207396474695873,80.51,-10.5,-10
-10.0,6.106000000000003,0.44274623227904897,2.0528667754318928,44.89,-9.8,-10
-10.0,5.217500000000004,0.42779967459106755,2.3522785453981214,81.4,-9.4,-10
-10.0,2.4528999999999996,0.06766743877374999,3.512748292270773,173.58999999999997,-7.8,-10
-10.0,6.523100000000003,0.3057966806225625,2.508402979813976,55.63,-10.4,-10
-10.0,4.124800000000003,0.5556272921097277,2.215059491656973,75.19,-8.7,-10
-10.0,4.299420000000002,0.5365006548419474,2.4045736149562202,95.75,-8.8,-10
-10.0,5.742500000000003,0.20122784994759949,2.0743391343810575,86.02,-9.8,-10
-10.0,4.694200000000004,0.5413059094866083,3.2213644617358677,37.79,-10.2,-10
-10.0,5.758440000000005,0.2581190339319209,2.65771049594721,113.53000000000002,-9.2,-10
-10.0,4.608300000000002,0.7886611900281638,2.279090184932576,55.400000000000006,-8.7,-10
-10.0,6.083600000000003,0.3005549102035952,2.46596710640903,91.92999999999999,-10.6,-10
-10.0,2.9053000000000013,0.8876785627224397,3.522745026753661,77.15,-9.5,-10
-10.0,4.999100000000005,0.40964687614789574,3.021267908943174,73.14000000000001,-9.3,-10
-10.0,4.605300000000004,0.2451569474410703,3.492023983743999,132.47,-8.6,-10
-10.0,2.6641000000000004,0.4799568654700683,2.819924032738191,113.75,-9.0,-10
-10.0,4.941560000000003,0.5334253952159547,2.5468268241173853,70.67,-9.9,-10
-10.0,3.130600000000001,0.5951335808092203,4.051930243021062,83.97,-9.2,-10
-10.0,5.009200000000004,0.6204190745172877,3.5586355930237064,26.790000000000006,-8.6,-10
-10.0,4.4414000000000025,0.5478347349455642,1.895123699495075,30.71,-9.8,-10
-10.0,3.546420000000002,0.789480709396602,2.3026858304200015,63.99,-9.4,-10
-10.0,4.661600000000004,0.48353988336416087,2.700805483223249,44.81,-9.1,-10
-10.0,4.893540000000003,0.45296378679913174,2.501994756720091,78.66000000000001,-9.6,-10
-10.0,3.1606000000000014,0.3148484489731341,2.4282947241498416,71.78,-8.4,-10
-10.0,7.251220000000008,0.21038158610752025,3.0471417873717,63.050000000000004,-9.1,-10
-10.0,5.874420000000006,0.2903816081921363,2.6241491988596817,84.65,-9.5,-10
-10.0,4.831800000000003,0.7276465877018335,2.119582005407411,38.33,-10.4,-10
-10.0,4.456900000000004,0.5379951250773839,3.474708527366203,82.61000000000001,-9.6,-10
-10.0,4.8941000000000034,0.35076781874533774,2.3948117030495037,94.82000000000002,-9.5,-10
-10.0,2.7619000000000007,0.5311527346462747,2.18349074569705,103.76,-9.0,-10
-10.0,4.629320000000005,0.31153689811739116,3.709675240265452,89.43,-9.6,-10
-10.0,6.463200000000005,0.34042977468600427,2.607767293558558,58.870000000000005,-10.0,-10
-10.0,2.7675000000000014,0.7014982826498557,3.536769960340001,78.96000000000001,-9.5,-10
-10.0,5.192000000000005,0.3092858922283179,2.7506255254948133,110.73000000000002,-9.1,-10
-10.0,3.892500000000002,0.38967323500301676,2.6374032975789294,93.03,-10.1,-10
-10.0,5.033400000000004,0.39018146947784543,4.153221404362267,79.25,-10.1,-10
-10.0,6.250300000000004,0.34996592394430226,2.4444538196957435,96.45,-8.8,-10
-10.0,2.374499999999999,0.5442880266951554,2.5659191255763876,101.6,-9.4,-10
-10.0,6.729200000000006,0.37007463471036667,1.9570778016643366,25.16,-9.7,-10
-10.0,1.3997799999999998,0.7885788408051211,4.466878304807567,113.83000000000001,-10.0,-10
-10.0,4.508740000000003,0.5974868263080789,2.3376855512427657,63.59,-9.3,-10
-10.0,6.000800000000005,0.36428187305162846,3.739387710074582,38.13,-9.8,-10
-10.0,5.439900000000006,0.3895113564619373,3.5819564180331973,111.21000000000001,-8.9,-10
-10.0,2.4248000000000003,0.5061507733594254,3.2098400232951416,121.03,-9.1,-10
-10.0,4.768400000000003,0.7521300131883858,1.9823637756919208,38.33,-10.0,-10
-10.0,4.685700000000003,0.3267499964231576,2.7601148437732963,105.71999999999997,-10.7,-10
-10.0,4.073700000000002,0.6793882241572053,3.224502352354971,78.61,-10.4,-10
-10.0,4.912840000000003,0.6619029062890538,2.1847243896629376,32.59,-9.4,-10
-10.0,3.442440000000002,0.6967501273909327,3.4733922528040884,90.87,-9.7,-10
-10.0,4.302220000000003,0.4235868626349867,2.1965719209422083,70.14,-9.0,-10
-10.0,4.220600000000003,0.531731990258897,2.2608782923616815,62.750000000000014,-9.0,-10
-10.0,2.4862,0.6479989241716835,3.940586978824328,92.55000000000001,-8.4,-10
-10.0,3.402400000000001,0.4483578411969214,2.7764551344669464,95.45,-9.3,-10
-10.0,7.644000000000005,0.4387523928214808,2.8052972001590053,21.259999999999998,-10.8,-10
-10.0,5.671400000000004,0.26847751743824755,3.3564235135913894,121.07999999999998,-9.2,-10
-10.0,6.257400000000005,0.3089468072869603,3.498735989624593,73.31,-11.0,-10
-10.0,5.166300000000004,0.31608767586444353,2.52844033279119,67.15,-10.4,-10
-10.0,6.720120000000007,0.24852995611184614,3.0494518583190047,82.29,-9.1,-10
-9.0,4.432400000000004,0.6759957326762884,2.771736270500428,67.96000000000001,-8.3,-9
-9.0,4.693200000000004,0.4381358312720005,2.3783914567954874,86.98,-8.8,-9
-9.0,2.7054799999999997,0.6736804188856246,5.110719231610785,123.39000000000001,-9.3,-9
-9.0,4.364100000000004,0.35181004609993893,3.6210661128787915,105.64,-10.0,-9
-9.0,3.9452000000000016,0.5877836213085195,2.144945886224793,70.67,-9.0,-9
-9.0,3.7726200000000016,0.37327253178447795,3.6913944647790258,73.04,-8.3,-9
-9.0,3.8899000000000035,0.376027861239014,3.4261521200383305,124.65,-8.8,-9
-9.0,5.227300000000006,0.402367991746119,2.1749992742411983,71.03,-9.0,-9
-9.0,5.108900000000002,0.2631757790496739,4.438933256706465,87.38,,-9
-9.0,3.7462000000000026,0.8359582436955285,3.5959956719837516,68.54,-9.8,-9
-9.0,2.6447200000000004,0.6032295272671117,2.4880465372807095,81.29,-8.6,-9
-9.0,4.977200000000004,0.6572623034580646,3.244379318519419,23.550000000000004,-9.5,-9
-9.0,5.173040000000005,0.4349559643703444,2.5770160453981195,47.190000000000005,-8.8,-9
-9.0,3.9817000000000027,0.46675459930729757,2.3972619905348953,88.08,-8.6,-9
-9.0,5.570400000000004,0.47128163331856726,2.1155496274035777,47.040000000000006,-8.9,-9
-9.0,5.332220000000005,0.49196080808498205,2.1241415831241994,72.56,-7.2,-9
-9.0,2.8038000000000007,0.4960205102363476,3.2253855543626058,77.04,-9.3,-9
-9.0,4.6934800000000045,0.7075058726324082,2.182026749737634,77.81,-9.0,-9
-9.0,2.0394000000000005,0.5889036509052363,2.6837955885497813,122.56,-8.5,-9
-9.0,4.5299600000000035,0.6070759766539243,3.388436272723273,69.72,-8.3,-9
-9.0,4.609900000000004,0.6284702840381203,2.878175329044158,41.370000000000005,-9.4,-9
-9.0,3.8979000000000026,0.6648170664018357,1.964536967739587,88.16,-8.6,-9
-9.0,0.9093999999999993,0.6031437892414019,2.1889415082822232,120.47,-7.9,-9
-9.0,5.450120000000004,0.3972287376096586,2.018296692228713,88.05000000000001,-9.0,-9
-9.0,4.044470000000003,0.5415947586453755,3.1412246690305077,102.80000000000001,-8.2,-9
-9.0,3.2387000000000015,0.6711384609505069,2.2996138908165076,72.39000000000001,-8.9,-9
-9.0,5.543100000000005,0.4191217563806382,4.435566963301414,48.0,-8.9,-9
-9.0,2.833700000000001,0.47117444313734924,2.552562568090206,90.94,-9.4,-9
-9.0,6.2742000000000075,0.18992222135379372,2.6909562001137424,74.83000000000001,-9.7,-9
-9.0,1.7352000000000007,0.7442118722317298,3.776331923188308,73.71000000000001,-8.6,-9
-9.0,3.9623200000000036,0.7496549708854345,4.159791498801539,75.71000000000001,-9.4,-9
-9.0,4.468740000000004,0.5791312651899381,2.5272794626024453,72.11000000000001,-8.9,-9
-9.0,2.7327000000000004,0.5053827446833659,2.303225743360393,122.03,-9.5,-9
-9.0,4.779970000000003,0.3802718281413996,2.281002630257138,98.18,-8.9,-9
-9.0,4.896900000000003,0.7404558990238587,2.5522724994788373,37.3,-8.9,-9
-9.0,4.516720000000002,0.5498681228819244,2.1583377961575483,70.67,-9.3,-9
-9.0,6.522300000000006,0.221368989060274,2.736184436206006,67.68,-9.8,-9
-9.0,4.795300000000005,0.31515308579738294,3.748879130902157,56.07000000000001,-8.9,-9
-9.0,3.4103900000000023,0.5070840556618654,2.921386357780552,121.47999999999999,-8.0,-9
-9.0,6.691800000000007,0.14202015942399632,2.9915912646581564,104.21000000000001,-8.9,-9
-9.0,4.447300000000003,0.4769123849010808,2.561374711642026,81.65,-9.4,-9
-9.0,8.402420000000003,0.24371343269772597,2.368135327285083,49.410000000000004,-9.2,-9
-9.0,5.531400000000004,0.5339732677153796,2.4376929713340783,37.81,-9.1,-9
-9.0,5.057700000000004,0.31465476294723654,2.2633763054654636,86.74,-9.8,-9
-9.0,1.5583999999999998,0.5516290295160053,3.562059395139082,109.82,-7.5,-9
-9.0,3.0762000000000014,0.39818113678316563,3.3342795009328627,105.47999999999999,-9.0,-9
-9.0,2.943300000000001,0.4829591005159746,2.398790985866251,125.04000000000002,-9.7,-9
-9.0,3.5028200000000025,0.6598406015502437,3.1433245837636496,53.730000000000004,-8.6,-9
-9.0,3.930220000000003,0.6028586749888681,2.1148568284397733,67.77000000000001,-9.6,-9
-9.0,3.9978000000000025,0.43929808509880824,2.371148924590848,92.26,-9.5,-9
-9.0,4.136670000000002,0.28393278856938675,2.492227071289882,124.36000000000001,-8.5,-9
-9.0,3.8789000000000025,0.7030682522801881,2.3651110753673787,70.15,-8.6,-9
-9.0,5.5381000000000045,0.5312611192763718,2.1264988201329906,37.81,-8.8,-9
-9.0,5.536300000000006,0.4799310968652308,4.233181805632996,62.29,-8.4,-9
-9.0,3.8968400000000027,0.7768972479122097,1.935525379874619,61.440000000000005,-8.1,-9
-9.0,3.785700000000002,0.5764584302702966,1.9869842913080653,73.22,-9.6,-9
-9.0,4.493500000000003,0.19577557658589198,3.625808751734448,103.67000000000002,-8.3,-9
-9.0,2.1790000000000003,0.2785377985445799,3.640265283113707,150.0,-8.6,-9
-9.0,3.860520000000003,0.28487285322387074,4.548554215486037,67.97,,-9
-9.0,2.2253999999999996,0.8485929796428514,4.391317447161008,78.96000000000001,-9.5,-9
-9.0,3.6117000000000026,0.8080671089075943,2.2750662143296143,35.53,-8.5,-9
-9.0,1.7829399999999997,0.7301630655900164,2.3478555364814078,101.28,-8.1,-9
-9.0,4.537200000000003,0.5902938770095648,1.940351024408967,38.05,-9.9,-9
-9.0,5.062200000000005,0.5279783898678359,2.578272819739629,51.58,-8.5,-9
-9.0,6.804700000000007,0.3291685349911219,4.37787615362774,75.63,-9.3,-9
-9.0,5.656600000000006,0.4787081591253037,2.8277887787269904,56.17000000000001,-9.1,-9
-9.0,4.105340000000003,0.6684486570449528,2.6290823023177783,44.120000000000005,-8.6,-9
-9.0,2.5531700000000006,0.4361404603112186,2.9207800096602234,135.55,,-9
-9.0,2.7669000000000006,0.7158296657097832,2.1482037156400846,78.95000000000002,-9.1,-9
-9.0,2.8775000000000004,0.5084928864305844,2.3674937289616533,73.14,-9.9,-9
-9.0,2.533900000000001,0.6608992294225913,3.1768597727956394,59.71000000000001,-7.9,-9
-9.0,4.155920000000003,0.7520020354853221,2.0957364829197846,61.96,-9.1,-9
-9.0,3.7184000000000026,0.7994241779188732,2.6148515845518467,36.36,-8.5,-9
-9.0,5.126300000000002,0.500707295695265,2.1759627746381813,71.09,-9.2,-9
-9.0,7.022900000000005,0.4332682656654696,2.4955855217842178,24.83,-8.9,-9
-9.0,3.878000000000003,0.5211330480661438,2.4690160112947055,73.39,-8.9,-9
-9.0,4.676920000000003,0.738234527421013,3.652151449953144,57.53,-10.0,-9
-9.0,2.2176,0.7773196077379525,3.245734720232891,68.58000000000001,-8.8,-9
-9.0,2.8084000000000007,0.6139752520094243,3.098858082749002,108.9,-9.2,-9
-9.0,4.511460000000003,0.7197763932987606,1.8645800104210188,71.09,-9.4,-9
-9.0,2.898600000000001,0.7576096467353209,2.2846280598875133,99.67999999999999,-9.3,-9
-9.0,2.041499999999999,0.7903472625156467,2.3152591786267855,70.59,-8.7,-9
-9.0,5.026400000000004,0.6333589135890441,2.218944296799414,71.19,-9.0,-9
-9.0,2.964500000000001,0.8611831794613792,2.7722223806139628,69.72,-8.9,-9
-9.0,3.8807000000000027,0.8117853033333884,2.8288474731159727,75.71000000000001,-8.9,-9
-9.0,5.8144200000000055,0.618706628429867,3.0126404663046253,63.79,-8.6,-9
-9.0,7.559800000000006,0.2894436966402946,2.2533437749266554,23.39,-9.1,-9
-9.0,4.485920000000004,0.306928583455264,3.8740108868190823,126.68,-8.7,-9
-9.0,4.990120000000004,0.6718921520414642,2.375959145169059,51.22,-9.0,-9
-9.0,4.647600000000003,0.43322147310054177,4.222100579957491,67.87,-8.5,-9
-9.0,5.511040000000006,0.28385682041112764,2.5437503250566884,73.36000000000001,-9.6,-9
-9.0,4.7264000000000035,0.41105179447692164,3.1589181577969025,87.96,-9.6,-9
-9.0,4.8400000000000025,0.40706927974205237,2.226283762255731,77.77,-9.6,-9
-9.0,4.563670000000003,0.258827596877596,2.290228711389892,92.1,-9.6,-9
-9.0,2.751800000000001,0.8242090734369348,3.121144942547506,70.05000000000001,-8.2,-9
-9.0,5.7208200000000025,0.2829336000980186,2.5761938676966203,110.75,-9.3,-9
-9.0,5.861740000000004,0.48032989479786053,1.874192164606324,79.46000000000001,-8.8,-9
-9.0,3.964800000000001,0.5620811813857587,2.3291123681757675,76.19,-8.1,-9
-9.0,3.703800000000003,0.7703976852575066,1.90563831389343,58.64,-8.9,-9
-9.0,6.169720000000006,0.3453787432122781,3.1906972353215695,72.56,-8.9,-9
-9.0,2.993100000000002,0.6362648610352388,3.035023895880199,94.28,-9.9,-9
-9.0,1.8718000000000001,0.8343244437970866,2.7519770510275094,84.94000000000001,-9.5,-9
-9.0,3.2948000000000013,0.5651190436574833,2.7432055972429943,111.86,-8.3,-9
-9.0,8.086420000000006,0.17007528780418962,2.5610691581545666,84.44000000000001,-8.5,-9
-9.0,3.6061200000000007,0.2715227771121877,3.012901329405075,113.25999999999999,-8.6,-9
-9.0,5.048020000000004,0.3071178445685816,2.687667564998046,125.70999999999998,-9.8,-9
-9.0,2.02294,0.6508446098099357,2.357993690857848,103.06,-8.7,-9
-9.0,3.6632200000000017,0.9230759649467906,3.17931715823514,46.33,-9.2,-9
-9.0,4.600240000000005,0.635111753007859,2.5658786654728587,75.42000000000002,-8.9,-9
-9.0,4.437920000000004,0.6421552415021486,2.280700511592217,42.68,-8.4,-9
-9.0,3.2535000000000016,0.6674244478755859,2.484502331558353,87.74000000000001,-7.6,-9
-9.0,6.028300000000004,0.4332341538302643,2.740965316436723,40.71,-9.4,-9
-9.0,5.1975400000000045,0.5495645975251037,2.3417280043016984,65.38000000000001,-9.7,-9
-9.0,5.101720000000004,0.4680857371120097,2.848499056491473,84.15,-9.3,-9
-9.0,3.6002000000000027,0.44113886250177925,3.6807018569530605,105.61,-8.9,-9
-9.0,4.976700000000004,0.6911525165965801,3.526226080343849,67.9,-8.9,-9
-9.0,4.030200000000003,0.48188861095122437,2.36639944309721,57.230000000000004,-8.6,-9
-9.0,3.5102200000000003,0.6623462671732118,2.1122347681376397,92.92999999999999,-9.1,-9
-9.0,3.299900000000002,0.800821654242008,3.70295850995298,78.87,-8.9,-9
-9.0,6.371640000000008,0.2881912351118415,3.712190934679538,107.72,-8.6,-9
-9.0,4.554000000000003,0.40753248409430626,2.337380621465403,70.58,-8.6,-9
-9.0,4.128820000000003,0.4029919732503113,2.2882691777774333,120.49000000000001,-9.4,-9
-9.0,0.9487999999999996,0.6484220253265867,3.429809127696566,144.92,-8.6,-9
-8.0,3.0737000000000014,0.4722229959282022,2.5068669342919385,98.98,-8.0,-8
-8.0,4.574200000000003,0.48322605891642084,2.296925361081664,76.60000000000001,-8.5,-8
-8.0,3.9477400000000022,0.5537222661831709,2.063354543120454,67.77000000000001,-8.4,-8
-8.0,4.753600000000004,0.7523936241005341,2.572876011788072,44.7,-7.7,-8
-8.0,1.1233,0.6596727527771568,4.209368151132784,117.86000000000001,-8.1,-8
-8.0,5.699800000000005,0.34610261927549074,2.0725797813707825,77.25,-7.9,-8
-8.0,3.541820000000002,0.6686612282152125,2.056605580861886,50.6,-7.8,-8
-8.0,4.909000000000002,0.5459242735023178,2.562204051499915,87.57000000000001,-7.8,-8
-8.0,2.2391999999999994,0.4783358217674337,2.208947659111818,99.4,-8.1,-8
-8.0,2.8242200000000013,0.6625320723942825,2.12881866547286,104.81,-8.1,-8
-8.0,4.316000000000003,0.6184284122589734,2.2676204673325273,61.190000000000005,-8.7,-8
-8.0,3.7931000000000026,0.6974097157896095,2.1800906283248,64.28,-8.1,-8
-8.0,2.5497000000000005,0.7895173288439026,2.4186156379513815,76.13,-7.4,-8
-8.0,2.33122,0.7687165973653166,2.96311956530176,78.01,-8.2,-8
-8.0,2.740920000000001,0.8341300723846785,1.6403652926706282,55.4,-7.5,-8
-8.0,4.399400000000003,0.7556423350130198,2.7501579717921434,59.3,-8.2,-8
-8.0,4.977320000000004,0.6242020110347793,2.2900636204321696,36.68,-8.1,-8
-8.0,6.022400000000006,0.4774288823941819,2.4296893632334644,32.34,-8.5,-8
-8.0,4.545020000000004,0.6185823903619638,2.2179798427445814,47.36,-8.1,-8
-8.0,3.9505900000000027,0.5541563381768337,2.2718312778186913,61.34,-8.0,-8
-8.0,3.0679000000000016,0.8545084300814324,2.1033182736478064,26.79,-7.3,-8
-8.0,5.224300000000005,0.3154676673313752,3.6785357720986376,88.02000000000001,-8.5,-8
-8.0,3.1826000000000016,0.8195935156236411,2.9309599268654196,40.620000000000005,-7.6,-8
-8.0,3.4959000000000016,0.7785382803637959,2.221401844598148,83.71000000000001,-8.1,-8
-8.0,2.12126,0.7217445960765867,2.712187371693272,70.9,-7.5,-8
-8.0,5.332700000000005,0.236852300751149,4.434723316203238,59.13000000000001,-8.3,-8
-8.0,4.154840000000003,0.5761104574966814,2.854121189594691,54.269999999999996,-7.5,-8
-8.0,4.907000000000004,0.2795030368390921,3.681669359463357,102.18,-8.8,-8
-8.0,3.449300000000002,0.6242221800080925,3.379047813976162,81.69999999999999,-8.5,-8
-8.0,2.2748,0.6937755490395261,1.9941064309282357,78.95,-8.0,-8
-8.0,1.8097999999999996,0.8213280737772667,1.6844591999347749,71.09,-7.7,-8
-8.0,3.0069000000000017,0.42672847415475984,2.4631839038959633,70.30000000000001,-7.8,-8
-8.0,2.8737000000000013,0.39210004680003097,3.029694687931187,93.68,-8.6,-8
-8.0,4.667600000000005,0.7622904337000104,2.657825365700276,36.36,-8.6,-8
-8.0,1.6218199999999996,0.7603257911674078,2.7838476562391605,75.92,-8.0,-8
-8.0,2.5569200000000007,0.8331121503028301,3.2114161170079782,60.510000000000005,-8.4,-8
-8.0,4.345500000000003,0.5210614288058433,2.6446076615975933,71.63,-8.2,-8
-8.0,-0.10229999999999972,0.5909255382247224,3.300749287506501,86.32,-8.0,-8
-8.0,1.6943999999999997,0.7708225642521356,2.6776414226299714,67.08,-8.1,-8
-8.0,2.7051000000000007,0.6710327360441556,2.230737280802579,39.29,-7.5,-8
-8.0,3.350100000000002,0.7239830750640117,2.642631901468011,64.74000000000001,-8.6,-8
-8.0,1.4646200000000025,0.31766008495586856,3.423238051493378,176.39999999999998,-8.4,-8
-8.0,1.2317999999999998,0.836052561028423,2.5203155206661627,71.33,-7.6,-8
-8.0,4.072120000000002,0.5725998545059532,2.4111543746185315,113.60000000000001,-8.1,-8
-8.0,0.7694100000000004,0.35133800551517447,3.5310970120321477,167.76,-8.7,-8
-8.0,4.474300000000003,0.6285885337213379,2.1522934174593225,49.330000000000005,-7.6,-8
-8.0,5.966500000000006,0.4437741977699424,4.650499757396215,32.34,-8.6,-8
-8.0,4.730500000000003,0.6954390060200255,2.1118200604834616,27.05,-7.4,-8
-8.0,4.417000000000003,0.682141950712236,1.9092488430082764,41.99,-7.3,-8
-8.0,4.286200000000004,0.6372733427257068,4.297566939429322,77.10000000000002,-7.6,-8
-8.0,2.7646000000000006,0.909752528266203,2.3206985378652316,44.81,-7.5,-8
-8.0,5.341500000000004,0.4923772127233389,2.1627487303172117,45.980000000000004,-7.7,-8
-8.0,3.4525000000000006,0.2988398622745618,2.8692736871741786,104.30000000000001,-8.2,-8
-8.0,3.4450200000000013,0.8364343722116947,2.6393571589121088,52.650000000000006,-8.2,-8
-8.0,3.1599200000000005,0.7763806493041167,2.1015497308131312,77.82,-7.7,-8
-8.0,4.847620000000004,0.4015273138741742,2.125667899692248,81.7,-7.8,-8
-8.0,2.609300000000001,0.8526520471635001,3.2314252946911406,49.330000000000005,-8.0,-8
-8.0,4.681200000000002,0.8328527279711948,2.2810383508021292,37.28,-7.9,-8
-8.0,3.4486000000000017,0.6184306607772919,2.945339117179099,83.55000000000001,-8.6,-8
-8.0,2.535100000000001,0.7357386779523453,2.5357333356175076,81.91,-7.4,-8
-8.0,2.897100000000002,0.9153229406968336,1.944884827918889,66.48,-7.7,-8
-8.0,3.215900000000002,0.6417849144373307,2.2061500509068477,79.37,-7.8,-8
-8.0,4.595700000000003,0.41262215230941884,2.4078595091453145,99.24999999999999,-8.0,-8
-8.0,3.0839000000000008,0.8540183380278725,2.717456944458638,66.48,-7.6,-8
-8.0,1.4293999999999998,0.5448183755527864,2.5948341522904563,159.00000000000003,-8.8,-8
-8.0,3.1734000000000027,0.5291661610619471,3.4516344314848917,109.41000000000001,-8.5,-8
-8.0,4.464500000000004,0.739126034551559,2.9086288125905053,58.14000000000001,-7.7,-8
-8.0,3.825000000000003,0.8254618057985529,2.723490385102501,41.57000000000001,-7.8,-8
-8.0,2.981300000000001,0.639935702460022,2.8285677686344624,40.620000000000005,-8.3,-8
-8.0,3.9914800000000037,0.7956286462744373,2.30329313835845,55.13,-8.7,-8
-8.0,3.5215200000000024,0.5424420186873208,2.524323696789283,80.96999999999998,-8.0,-8
-8.0,2.772220000000001,0.48592556887646954,3.7803172323458227,104.03,-8.4,-8
-8.0,1.6770399999999994,0.6799594019282992,2.540536899543202,91.55000000000001,-7.8,-8
-8.0,2.13368,0.8594407091820796,4.1346498464200145,53.33,-8.0,-8
-8.0,3.5164200000000028,0.8404951997846747,1.9363577638919356,58.64,-7.9,-8
-8.0,4.635300000000004,0.24998127055373764,3.6446822812494517,121.02999999999999,-8.5,-8
-8.0,1.45512,0.44409527221814876,2.9127470298222953,133.39000000000001,-7.6,-8
-8.0,3.807570000000003,0.6547318268114919,3.493018560004395,93.57,-8.4,-8
-8.0,3.6392000000000024,0.8513212907431382,2.168628636349265,75.11,-7.7,-8
-8.0,2.25854,0.5424047612393538,2.248548983668087,98.47999999999999,-7.8,-8
-8.0,4.656600000000004,0.5017102677788841,2.4574203564956214,71.11,-7.8,-8
-8.0,4.179100000000002,0.48438785943226237,2.7416444433565026,79.63000000000001,-7.8,-8
-8.0,4.124100000000002,0.6578913359537663,1.906412151666741,33.62,-7.6,-8
-8.0,2.2378,0.5718905088559435,2.2702688592767046,63.05,-8.2,-8
-8.0,2.06078,0.8291646505396183,1.9541579298699876,73.64000000000001,-8.4,-8
-8.0,6.312400000000006,0.2499785409301465,2.407077595919521,81.79000000000002,-7.6,-8
-8.0,3.321500000000002,0.7729666785724467,2.256112870106449,50.72000000000001,-8.3,-8
-8.0,1.8329,0.5109410174390235,5.126773101120538,124.66999999999999,-8.5,-8
-8.0,4.991940000000004,0.5762973188568419,2.9368183250209814,75.19,-7.4,-8
-8.0,4.985120000000005,0.7267914542682401,2.2880742695303287,58.64000000000001,-8.0,-8
-8.0,4.131000000000004,0.47051528616375854,2.576845435453123,84.58,-8.6,-8
-8.0,2.6950000000000003,0.3687354796355789,2.31750154172704,134.25000000000003,-8.1,-8
-8.0,2.7849200000000005,0.8070691072761864,2.5130118081766284,75.02000000000001,-7.4,-8
-8.0,4.704500000000005,0.6249177991985767,2.911294313422662,83.83000000000001,-7.6,-8
-8.0,2.52982,0.409089100648078,2.2922756673218014,100.15,-8.4,-8
-8.0,5.052280000000004,0.4704594528844296,3.491999832577756,81.05000000000001,-8.4,-8
-8.0,3.258800000000001,0.8581606576708657,3.5910912050993353,85.61000000000001,-8.2,-8
-8.0,4.847600000000005,0.6601938230414465,4.091669709875521,40.46,-7.5,-8
-8.0,3.2585000000000024,0.7330590740022761,2.434808780748801,40.95,-8.3,-8
-8.0,6.002000000000005,0.32341565419281987,2.981412627935109,93.14,-8.1,-8
-8.0,4.443000000000002,0.6007491247473534,1.94532067484608,50.7,-8.6,-8
-8.0,2.5277000000000003,0.8397966740623973,3.510134382245367,69.03999999999999,-8.6,-8
-8.0,2.591,0.6089336535585018,2.349699130034683,85.41000000000001,-8.9,-8
-8.0,2.958100000000001,0.6815499951915464,3.363910682457396,84.66,-7.6,-8
-8.0,4.901200000000002,0.08223382146795959,5.150337285477205,186.73,-9.0,-8
-8.0,2.3808,0.8461356299715167,2.3136508369628963,69.72,-8.4,-8
-8.0,2.4006800000000004,0.6978122445062493,2.164497390022797,103.69,-8.2,-8
-8.0,3.9989200000000027,0.5216716663421809,2.1958910051906617,94.17000000000002,-8.2,-8
-8.0,1.3087000000000004,0.8108094661861391,3.78907896651768,117.05000000000001,-8.0,-8
-8.0,1.9516,0.6664757783103739,2.4957906519479227,96.02000000000001,-8.3,-8
-8.0,2.7857400000000014,0.6807201306442864,1.9152727393848004,78.50999999999999,-8.1,-8
-8.0,2.5298,0.7949698386183491,1.9337516519770563,58.28,-8.3,-8
-8.0,2.15482,0.6752259918311756,3.4852533094979448,140.06,-8.3,-8
-8.0,2.7825000000000006,0.4026179191033321,2.5596630453486178,99.13,-8.2,-8
-8.0,2.2702999999999998,0.6421665215126681,2.291341185986317,110.28000000000002,-7.8,-8
-8.0,1.6283999999999994,0.40259482952526043,3.736583222659677,160.04,-7.7,-8
-8.0,3.693800000000002,0.5002872252493245,2.0375244210578334,88.16000000000001,-8.0,-8
-8.0,0.990899999999999,0.39768761420311133,2.65831139591009,149.58,-7.9,-8
-8.0,1.5293999999999994,0.3881838652738324,2.393935490134913,117.37,-7.6,-8
-8.0,3.3542000000000014,0.7407502604041246,2.4226846983643,84.73,-7.8,-8
-8.0,3.5299000000000023,0.7635458739701644,2.7312072384713257,34.17,-8.4,-8
-8.0,3.5091400000000013,0.6810361779807577,2.3293089483576424,91.4,-8.6,-8
-8.0,4.130420000000002,0.7530524091419595,2.7813411715752334,68.02000000000001,-8.3,-8
-8.0,3.838000000000002,0.46602196725670214,3.3919940122839938,79.95,-8.9,-8
-8.0,2.817800000000001,0.9467044124513517,2.509587403783046,64.11,-7.5,-8
-8.0,3.8611000000000013,0.8260129868182157,1.6242814217028858,58.2,-7.8,-8
-8.0,4.454240000000004,0.4609101809723967,2.8983900302371275,93.10000000000001,-9.2,-8
-8.0,3.8294000000000024,0.40431017252823104,2.3135914567954856,101.57,-8.8,-8
-7.0,1.8090000000000006,0.511389816073138,2.5771137798211896,104.96000000000001,-7.8,-7
-7.0,1.7515,0.8368725060399325,2.8242659448394463,88.07,-7.6,-7
-7.0,3.5739200000000033,0.5777342614491753,3.3746550001113853,79.10000000000001,-8.1,-7
-7.0,1.8435999999999997,0.31286815147090236,2.4834751187110413,97.3,-7.5,-7
-7.0,3.3081000000000023,0.6487198076217794,2.2724140204654724,55.63,-6.8,-7
-7.0,1.83949,0.4208897188628779,3.3726452152185775,131.9,-7.1,-7
-7.0,2.5578000000000003,0.4011836383010955,4.071025136472257,106.36000000000001,-8.3,-7
-7.0,0.5313999999999999,0.36337399242508495,3.1267363107687256,135.40000000000003,-6.3,-7
-7.0,3.596720000000002,0.7318281961772943,2.520238703377366,72.41,-8.3,-7
-7.0,3.011300000000001,0.7555123072355585,3.1759735327739014,70.56,-7.8,-7
-7.0,2.5432000000000006,0.6061600124789213,2.1505343461977464,75.11,-6.3,-7
-7.0,3.6460200000000027,0.5143559427293277,2.6276448625502677,72.44,-7.4,-7
-7.0,5.972500000000008,0.05789866276401015,3.0326086326390067,137.12,-6.8,-7
-7.0,6.919900000000007,0.22804598983619492,2.3844801505077893,51.91,-6.8,-7
-7.0,2.852100000000001,0.5355041005444156,1.9798142225713722,60.67,-7.7,-7
-7.0,-2.483099999999993,0.11132408446409561,2.696248692871446,248.17999999999998,-6.8,-7
-7.0,4.046100000000004,0.3494945765413589,3.250834794432582,88.02000000000001,-6.8,-7
-7.0,2.5406000000000004,0.723063325826677,2.1270406230668986,97.12,-7.0,-7
-7.0,2.161999999999999,0.6096125741833732,2.282257127011322,121.88,-7.5,-7
-7.0,1.9076600000000001,0.5716708969760017,2.795291027925199,155.02999999999997,-6.9,-7
-7.0,2.2920999999999996,0.8743169508060752,2.234508638661598,59.81,-6.9,-7
-7.0,2.998000000000001,0.8396383754217016,4.022204041448212,79.54,-7.5,-7
-7.0,4.435420000000003,0.6981822448201106,2.433053243693692,60.17,-7.3,-7
-7.0,3.201880000000001,0.6719263365714281,3.150617706117562,45.91,-6.7,-7
-7.0,1.8474,0.6915447985103991,2.0615121446493596,88.39000000000001,-7.6,-7
-7.0,3.0584000000000016,0.8590033857204078,3.1495182631399565,54.370000000000005,-7.4,-7
-7.0,3.0872800000000016,0.7087368178130526,2.634827968825183,88.9,-6.6,-7
-7.0,3.233200000000001,0.48983156908890413,2.76895131898549,49.790000000000006,-7.0,-7
-7.0,1.9806,0.6249778547272078,1.694931301824182,72.24000000000001,-6.5,-7
-7.0,2.6958,0.7064882384087374,2.0147191327899314,38.91,-7.1,-7
-7.0,2.7681000000000013,0.8603661179452622,4.1229257805786474,67.87,-8.1,-7
-7.0,1.7326000000000001,0.7352327063602615,2.6436948896445784,122.37999999999998,-7.3,-7
-7.0,3.1902000000000026,0.5502357818561221,2.745465928650715,101.78000000000002,-7.9,-7
-7.0,2.7144000000000013,0.8501935673101211,3.3748841900470374,49.85,-7.2,-7
-7.0,1.3639999999999999,0.6590148863728659,2.6708022091268404,101.51,-6.8,-7
-7.0,1.8093000000000012,0.2903991110126686,3.897497908688937,177.01,-7.4,-7
-7.0,1.8789999999999998,0.8603291543720805,2.152114195222685,87.05,-6.9,-7
-7.0,2.139599999999999,0.5408493240345439,3.2255824683729397,84.5,-8.2,-7
-7.0,1.4059,0.7073096936067268,2.8672154086071373,51.1,-6.2,-7
-7.0,1.0015,0.6006328624049404,2.908878105082385,97.02,-7.7,-7
-7.0,0.5008000000000006,0.7876692903064022,4.381504369808352,110.02000000000001,-7.2,-7
-7.0,1.354479999999999,0.817650146873413,3.2172868342778074,98.12,-6.3,-7
-7.0,1.1745999999999996,0.7520793708088784,2.9073332721457614,108.23000000000002,-7.1,-7
-7.0,2.7940000000000014,0.8761332425110662,1.838798590442373,66.48,-7.7,-7
-7.0,2.3823,0.8665937473239124,1.7658457997630492,54.88,-6.8,-7
-7.0,4.393600000000004,0.7522691366339579,2.294746236825839,61.06000000000002,-7.5,-7
-7.0,2.704300000000001,0.5147191280720909,2.0039539916779088,63.58,-7.7,-7
-7.0,3.4998000000000014,0.4130518160506561,3.114402517317325,120.70000000000002,-7.9,-7
-7.0,1.91912,0.665946563272989,1.898856909449794,63.58,-7.4,-7
-7.0,-1.4476999999999998,0.5271281068726094,4.105875187616115,142.78000000000003,-7.1,-7
-7.0,3.0866000000000016,0.7160715246055822,2.661574782011998,58.87,-7.0,-7
-7.0,5.507300000000006,0.46065092128262536,2.240322235070929,34.17,-7.2,-7
-7.0,2.1083,0.8496955425255184,1.9213027896783625,59.81,-7.1,-7
-7.0,4.603100000000004,0.5629140125014299,2.3544097292135326,70.67,-7.2,-7
-7.0,1.6223,0.26291416386578637,3.46103297227277,140.26,-7.1,-7
-7.0,0.05460000000000087,0.8357682615426906,3.206694731722548,85.85000000000001,-7.6,-7
-7.0,4.123800000000003,0.4371555280076933,3.15669426352661,52.6,-8.3,-7
-7.0,2.6770000000000005,0.7957065451330649,2.327111312739861,56.15,-6.8,-7
-7.0,2.2651000000000003,0.8234229831687012,3.138711687553382,54.370000000000005,-7.5,-7
-7.0,4.422300000000003,0.501754629904343,2.7903179931936357,28.27,-7.4,-7
-7.0,1.9384,0.7933660487963331,3.1770186912214538,54.620000000000005,-6.9,-7
-7.0,3.8568000000000024,0.6797287454127862,2.4709569117512693,81.07000000000001,-7.7,-7
-7.0,3.4937200000000015,0.8658283955150791,1.6867577061175627,42.24,-7.3,-7
-7.0,3.182800000000002,0.9275257768474071,2.573400941280031,42.74,-7.5,-7
-7.0,2.4395,0.85793036266484,2.6702812297344387,46.53,-6.5,-7
-7.0,2.3344000000000005,0.9266909699179686,1.8813803490688379,56.150000000000006,-7.3,-7
-7.0,2.801420000000001,0.622471311338102,2.244798169401932,60.96,-6.8,-7
-7.0,1.9286199999999996,0.5025435146140506,2.43560394431881,122.79,-7.8,-7
-7.0,1.5361,0.36280905582053113,2.890576471950446,56.7,-6.9,-7
-7.0,2.7141200000000003,0.9424930170593336,2.253081988001332,65.21,-6.6,-7
-7.0,0.9989000000000012,0.5428965489751326,3.4924025712189177,110.18,-7.4,-7
-7.0,3.3915000000000006,0.6868417603246332,2.1619266845697016,81.16000000000001,-7.1,-7
-7.0,1.3081999999999998,0.7854040293127915,2.750667993796341,73.91000000000001,-8.4,-7
-7.0,3.028320000000001,0.814598030860424,2.3822938228613193,57.26,-6.8,-7
-7.0,6.793020000000007,0.4558696492575242,2.4458912152815255,9.23,-7.4,-7
-7.0,2.1590999999999996,0.5752762149398125,2.5799649437252175,89.49,-7.6,-7
-7.0,2.9675700000000003,0.5097323090186782,3.8086409386159783,145.52999999999997,-6.9,-7
-7.0,2.435180000000001,0.37846154368515217,2.263755639658383,79.19,-7.0,-7
-7.0,2.4445000000000006,0.5094491114339194,2.3361514821867555,83.28999999999999,-6.9,-7
-7.0,3.794900000000003,0.5041474958531468,2.95493080790531,66.65,-7.1,-7
-7.0,1.45172,0.500552296005678,2.935282034961382,113.27999999999999,-7.0,-7
-7.0,2.2478,0.9086795619553514,2.2628278704138065,46.94,-7.5,-7
-7.0,2.2807000000000004,0.47654350286805786,2.73278929125269,79.19,-6.6,-7
-7.0,1.8271999999999995,0.7565371927677979,3.112003556029366,72.91,-6.4,-7
-7.0,2.2912,0.8031534924837613,1.7699279088851245,90.93,-6.8,-7
-7.0,3.909460000000002,0.7712786972943159,2.1221104819860557,56.81,-7.4,-7
-7.0,2.740100000000001,0.6583699585708382,2.0638014636956328,59.17,-7.3,-7
-7.0,2.1555999999999997,0.7477797666619946,2.322489535444488,72.7,-6.6,-7
-7.0,4.927920000000005,0.48606422401138144,2.245684267939387,55.84,-6.6,-7
-7.0,1.8699000000000034,0.16884989192564273,3.440080636137199,190.99999999999997,-8.4,-7
-7.0,0.9718999999999995,0.7033439430816774,2.913473532688224,86.43,-7.7,-7
-7.0,4.287100000000003,0.49192508747024594,2.2991484103735704,55.43000000000001,-7.3,-7
-7.0,2.44892,0.7524975636622847,2.203699052869851,43.1,-6.4,-7
-7.0,0.15430000000000132,0.20771676618201754,2.914553328562665,201.82999999999998,-7.6,-7
-7.0,3.797500000000002,0.23141755820650323,3.410145757503704,90.54,-7.4,-7
-7.0,2.072,0.7061348495788299,2.3997096552636794,64.86,-7.9,-7
-7.0,2.0391,0.867990811652517,2.3450956142983763,50.36,-6.8,-7
-7.0,1.3480999999999996,0.7184794596462662,2.0100645930001235,118.71999999999998,-7.2,-7
-7.0,4.573300000000002,0.8745453420353513,1.7513442723226529,38.33,-7.1,-7
-7.0,0.3022200000000004,0.8464965916912686,1.932077042182831,70.08000000000001,-6.5,-7
-7.0,2.2971000000000004,0.6660191487958534,2.1451080261105737,54.35,-6.4,-7
-7.0,1.628799999999999,0.7595696456989306,1.9575361976551768,88.16,-6.8,-7
-7.0,2.787000000000001,0.7285256235880084,4.826980219572081,74.41,-7.1,-7
-7.0,2.9888000000000012,0.5179276672873533,2.773004796409124,115.58000000000001,-7.4,-7
-7.0,1.4360000000000002,0.7848415007709507,2.335874589569034,86.78999999999999,-7.7,-7
-7.0,3.590500000000003,0.7723826080856931,1.8920043883584476,41.57000000000001,-6.9,-7
-7.0,3.2917000000000014,0.6710264193957778,2.054155880913095,51.02,-7.6,-7
-7.0,1.9622,0.7844555014050746,2.405715346443694,61.88000000000001,-7.2,-7
-7.0,2.2571000000000003,0.8469071213030265,3.577876542745763,79.60000000000001,-7.1,-7
-7.0,5.320300000000005,0.3600030359538964,2.134991334866916,35.58,-7.6,-7
-7.0,1.1097,0.4556681771767486,2.4544520325892183,130.59,-7.2,-7
-7.0,2.4444999999999997,0.6173269243540151,2.679714997333427,101.72999999999999,-7.2,-7
-7.0,1.6151999999999993,0.7796845889251736,2.0232954905571834,88.85000000000001,-7.0,-7
-7.0,2.9482000000000017,0.6244493937847804,2.5964357222717283,84.94000000000001,-7.3,-7
-7.0,0.40619999999999984,0.4576469863742815,2.749635532976594,156.07,-7.0,-7
-7.0,2.3707000000000003,0.6297303260452227,1.7449749430445696,72.24000000000001,-6.8,-7
-7.0,2.6395800000000014,0.8507623493781458,2.8300618278279543,30.270000000000003,-7.1,-7
-7.0,3.1434000000000015,0.6300284845011819,1.9047320819706322,68.28999999999999,-7.6,-7
-7.0,4.3034000000000034,0.17623783590499698,2.3668959860400385,147.87,-7.4,-7
-7.0,2.3361,0.8181541515520891,2.650713366241641,67.76,-6.5,-7
-7.0,3.098700000000003,0.477301443862003,3.7768199198213797,60.69,-6.6,-7
-7.0,5.111320000000005,0.5605136046428101,2.942611612040009,20.53,-7.8,-7
-7.0,3.212180000000002,0.7940930858678535,2.6562689725520947,70.28999999999999,-6.6,-7
-7.0,2.853200000000001,0.37922765864667884,2.2780828239469813,76.15,-7.1,-7
-7.0,3.1311000000000018,0.9310896536256121,2.2660188835291457,38.33,-6.6,-7
-7.0,1.90374,0.853385620206253,2.1772231960289865,84.08,-7.3,-7
-7.0,3.450520000000002,0.4564457958007578,2.1692794011428003,64.47,-6.9,-7
-6.0,1.8643,0.3700340243924991,2.6672443232480845,79.56,-5.8,-6
-6.0,1.1622999999999997,0.7098762754422118,1.7292124613623194,64.35,-6.2,-6
-6.0,7.298300000000008,0.13296907231739427,2.738073924009786,64.35,-6.2,-6
-6.0,0.9708999999999997,0.8570657615142742,2.0176297940296504,52.650000000000006,-5.8,-6
-6.0,1.3656999999999997,0.7615843359133758,1.9434113231388395,49.17,-6.2,-6
-6.0,2.804500000000001,0.6246841294017728,2.110203591672388,52.080000000000005,-6.4,-6
-6.0,1.0836,0.3902812598603208,4.011991225764484,56.89,-6.3,-6
-6.0,1.5811999999999995,0.7917654300015436,3.2785350627512067,80.9,-6.6,-6
-6.0,1.7938999999999998,0.8984190425627027,2.470156039601587,69.39,-5.2,-6
-6.0,0.23461999999999938,0.680817993686786,3.200767184737983,75.33,-5.5,-6
-6.0,1.4508,0.7152615271751042,2.337896667082031,38.05,-5.4,-6
-6.0,1.0945999999999998,0.44311509512563096,3.298836517489014,82.92,-6.6,-6
-6.0,1.0154999999999996,0.7274558198450366,3.217318579234723,49.410000000000004,-5.8,-6
-6.0,1.7169699999999999,0.5217537910430156,2.457173271996112,53.11,-6.1,-6
-6.0,1.3266999999999998,0.6868516903818824,4.03647424607321,65.38000000000001,-5.6,-6
-6.0,1.7187000000000001,0.744651068080358,4.044221085001123,54.37,-6.4,-6
-6.0,4.361200000000004,0.3118527225866684,3.5549478674634862,57.120000000000005,-5.5,-6
-6.0,2.42392,0.8549694877074955,2.4055033165344337,67.77000000000001,-6.0,-6
-6.0,3.4895000000000023,0.7694390817434945,1.7432165818405547,29.1,-5.2,-6
-6.0,2.8634000000000004,0.644703965843259,2.3257824926858497,51.8,-5.9,-6
-6.0,-0.27419999999999956,0.7683390275689392,2.013357733684222,80.47999999999999,-6.4,-6
-6.0,2.36718,0.7870122697288876,4.677409821714459,70.12,-5.9,-6
-6.0,3.6701000000000024,0.5794789515492627,2.3934156101911856,55.99,-6.5,-6
-6.0,2.6957999999999993,0.7064882384087371,2.0147191327899314,38.91,-7.1,-6
-6.0,2.6297000000000006,0.6022998533150962,2.7375775589091322,79.4,-5.8,-6
-6.0,2.6965000000000012,0.5763956003909133,2.3615695334358087,43.14,-5.6,-6
-6.0,0.9976,0.7977635116210905,3.2223040738343496,72.35,-6.2,-6
-6.0,-1.2644999999999997,0.22166183144845886,2.27126004188084,136.58999999999997,-6.0,-6
-6.0,0.98932,0.6834322834980704,2.7942733379409113,86.21,-6.3,-6
-6.0,1.8371,0.7727439001544076,1.5834136927396365,15.71,-6.1,-6
-6.0,3.4155000000000024,0.827520814080204,2.7424052296829924,15.27,-6.4,-6
-6.0,0.6507999999999996,0.730693925310711,1.9492433571867576,93.73,-6.0,-6
-6.0,2.6525000000000007,0.9196162959652847,1.981455355830997,50.8,-6.1,-6
-6.0,1.0604200000000001,0.6725539671508945,2.055849431845985,42.68,-5.9,-6
-6.0,4.249800000000004,0.2645343190758846,2.4906706296118255,26.3,-5.2,-6
-6.0,1.8028000000000002,0.8462154604243181,1.7895261138008713,66.92000000000002,-6.5,-6
-6.0,0.5873000000000002,0.8687012281441581,1.7473765119647648,66.48,-7.1,-6
-6.0,1.8164,0.774195415859342,2.3179373841139856,54.27,-5.7,-6
-6.0,3.947600000000003,0.429977300845312,2.632537735686711,32.59,-6.4,-6
-6.0,1.1017999999999994,0.7690530623634827,2.899452699662424,91.16,-7.3,-6
-6.0,0.9666999999999999,0.6067316928040806,2.3230012884703637,86.21000000000001,-5.9,-6
-6.0,0.9994999999999999,0.6936263134634149,2.0900535690853417,38.13,-6.2,-6
-6.0,0.6430799999999994,0.7386703268687395,2.8483614644485513,56.13,-6.1,-6
-6.0,0.99292,0.7419275290353439,2.334427845977702,92.18,-5.6,-6
-6.0,3.547600000000002,0.807050613419278,2.2593567395382923,24.92,-5.9,-6
-6.0,2.5371000000000006,0.775903107465744,1.984610513235877,29.1,-5.9,-6
-6.0,1.1990999999999998,0.7655439481222156,2.435333750420128,51.22,-5.9,-6
-6.0,1.72494,0.8085614103682431,2.4882250512617023,38.05,-6.4,-6
-6.0,0.9202999999999999,0.7500416587523563,2.7116819810502992,42.519999999999996,-6.0,-6
-6.0,1.6165999999999998,0.679287580052425,3.358454406818228,68.24000000000001,-6.0,-6
-6.0,1.9503999999999997,0.7874157608378916,1.668435812609788,32.34,-6.1,-6
-6.0,1.5360000000000003,0.7944701635822159,1.6237353416521731,30.930000000000003,-6.0,-6
-6.0,1.6601000000000001,0.7709072166176167,4.6668647363373665,90.19999999999999,-5.9,-6
-6.0,-0.7199000000000002,0.609522701901144,3.287719678135822,85.13,-6.1,-6
-6.0,3.453500000000002,0.7238406624989954,2.305356325337108,28.68,-6.4,-6
-6.0,4.250300000000004,0.5657688602241896,2.057380281441832,17.07,-6.6,-6
-6.0,2.1231999999999998,0.36137599977774604,3.61487071129926,55.120000000000005,-6.1,-6
-6.0,1.8236999999999992,0.5905941577672312,1.833842021494542,72.91,-7.4,-6
-6.0,0.8252999999999999,0.7380180904029673,2.962852673239759,72.56,-6.4,-6
-6.0,4.720100000000003,0.6826284310530478,2.1141591311509593,54.02,-6.5,-6
-6.0,0.11010000000000009,0.5485686087335486,2.6019950973706703,87.72,-5.9,-6
-6.0,1.4992699999999997,0.49954438321067596,2.6457108269099017,76.5,-6.2,-6
-6.0,2.0853,0.7626584692128276,3.978899904649789,18.049999999999997,-6.1,-6
-6.0,1.6207,0.6658224284643157,3.251256318056164,37.61,-5.9,-6
-6.0,1.6919000000000002,0.8217033844234217,2.307606339974221,73.86,-6.1,-6
-6.0,1.5023,0.7638743571020654,2.5599143567990783,54.6,-5.9,-6
-6.0,2.10364,0.525058315629138,3.437356663840653,4.1,-5.5,-6
-6.0,1.4279,0.7751833262200437,1.8421140131190743,72.83,-6.2,-6
-6.0,1.51038,0.6147633773177692,2.582334994279183,69.96000000000001,-5.4,-6
-6.0,1.8543000000000003,0.45147691480547236,4.127031355677479,61.830000000000005,-6.0,-6
-6.0,4.817000000000005,0.5414968224220095,2.6907771356111976,29.54,-6.8,-6
-6.0,3.414640000000002,0.6897187324227538,3.1362991258059747,88.33000000000001,-7.2,-6
-6.0,-0.04459999999999953,0.6754639574065597,2.0637083977601023,98.93000000000002,-5.7,-6
-6.0,2.1175999999999995,0.7788007335430144,3.0694674246916716,41.88,-5.6,-6
-6.0,1.2443999999999997,0.7174739139543999,2.7821669649577636,66.49000000000001,-6.2,-6
-6.0,2.4759,0.3819850156793673,3.1962201611093786,43.07,-5.4,-6
-6.0,3.5401000000000016,0.8203624743698489,1.9123802358387856,24.92,-6.0,-6
-6.0,0.43010000000000026,0.7566244892780054,4.807051605857991,97.54,,-6
-6.0,1.8721999999999994,0.7956059701147589,2.355098177607937,33.29,-6.2,-6
-6.0,-1.8227999999999946,0.27398101146169246,3.5001767281300937,161.98,-6.3,-6
-6.0,3.9606000000000017,0.8296968240201004,2.76739426814453,57.53,-6.2,-6
-6.0,0.9117999999999999,0.6801718170480358,2.475272735686712,97.21,-6.0,-6
-6.0,2.8748000000000014,0.8520308862110675,2.128226857623236,15.27,-5.8,-6
-6.0,0.8971,0.6493337156858472,3.4152073665018374,103.73000000000002,-6.9,-6
-6.0,1.5290199999999998,0.7385389703534372,2.1684817691240905,61.03,-6.1,-6
-6.0,2.7460000000000013,0.7871450512270272,2.2182925087690624,24.92,-6.3,-6
-6.0,3.6086000000000027,0.752455640135463,1.7586002010767547,22.37,-6.5,-6
-6.0,1.1515399999999998,0.711885618013108,2.8873935325007913,84.64999999999999,-6.2,-6
-6.0,2.487,0.7627520050798303,2.3746778933844457,52.47,-5.9,-6
-6.0,1.5014999999999996,0.8368376349943292,2.749945674449533,68.13,-6.0,-6
-6.0,1.9014400000000002,0.824851613363041,2.2935388106072985,49.410000000000004,-7.8,-6
-6.0,2.958780000000001,0.6324254761822503,2.5596030488738464,52.47,-6.3,-6
-6.0,0.7470999999999999,0.7564238153106542,3.1521515076270816,86.6,-6.6,-6
-6.0,0.39499999999999985,0.5390271497496464,3.8603857144251137,75.63,,-6
-6.0,1.74372,0.7202762857550506,2.5195851728282257,111.91000000000003,-6.5,-6
-6.0,2.2249,0.48296680994660784,3.3354859486459576,62.550000000000004,-7.1,-6
-6.0,4.899800000000001,0.3174723661646273,2.568882462058104,78.15,-7.4,-6
-6.0,1.8046,0.7319284486666309,2.7718967356867097,38.25,-5.8,-6
-6.0,-0.013700000000000379,0.6551119284670984,2.467152893384444,81.06,-5.5,-6
-6.0,1.8304999999999998,0.7481425770591501,2.7957197128065268,45.56,-6.2,-6
-6.0,2.8585000000000003,0.7011624969785852,2.078339803166079,25.78,-6.0,-6
-6.0,3.5043000000000015,0.842910307452902,1.5889177547133286,24.06,-6.3,-6
-6.0,2.782300000000001,0.6694400152849108,2.3539407864240722,85.18,-6.6,-6
-6.0,2.647000000000001,0.6765338663577181,3.586158276752702,44.760000000000005,-5.9,-6
-6.0,2.851300000000001,0.5457164967154334,2.773154044751765,61.830000000000005,-6.4,-6
-6.0,0.19219999999999948,0.8402118232864365,1.9610019664559406,66.48,-6.4,-6
-6.0,0.5987999999999999,0.56536871508764,3.139993301697416,69.39,-5.1,-6
-6.0,2.2260999999999997,0.6067139635803357,2.2997692666463525,54.370000000000005,-6.2,-6
-6.0,2.1374000000000004,0.639506443366872,2.578330404772334,55.839999999999996,-6.0,-6
-6.0,0.0625,0.4007348242343062,3.6579009375207985,66.92000000000002,-6.4,-6
-6.0,1.596,0.7419941441318143,1.721151687563239,63.6,-5.7,-6
-6.0,2.487800000000001,0.58356878737631,1.897758377486781,46.61,-6.8,-6
-6.0,1.6415000000000002,0.5996715870276098,1.7258085409427544,46.17,-6.5,-6
-6.0,1.4231,0.7544195137018178,2.291684135987996,64.11,-5.9,-6
-6.0,1.3731,0.7406406985051518,2.424654158754656,101.74000000000001,-6.7,-6
-6.0,-1.0735999999999968,0.3388858401957316,2.101761750995811,150.62,-6.4,-6
-6.0,1.7325,0.6354962560093305,2.076785629915049,68.28999999999999,-6.0,-6
-6.0,1.9123000000000003,0.7989229277194089,2.5129935576292013,75.42999999999999,-6.1,-6
-6.0,0.8876,0.2941595084781696,1.9964087068381264,101.28999999999999,-6.4,-6
-6.0,1.4575999999999998,0.6458234423765186,2.581396301435289,52.3,-6.3,-6
-6.0,0.12060000000000015,0.7097425790327138,1.6334531428646955,86.46000000000001,-5.5,-6
-6.0,2.3558000000000003,0.8904024799809279,2.8815193506386976,72.19,-6.1,-6
-6.0,2.4811000000000005,0.6228982411682547,1.6730367741482493,41.129999999999995,-6.5,-6
-6.0,2.1556000000000006,0.7767505138327998,2.529893711679719,50.27,-6.4,-6
-6.0,0.9300400000000002,0.6647377265813026,2.025841354922907,38.25,-5.7,-6
-6.0,2.615500000000001,0.7953491785498966,1.9073579439787416,27.05,-6.1,-6
-6.0,-0.3855999999999999,0.5808447741088056,1.9230921241536763,123.47999999999998,-5.7,-6
