Target affinity,Target logps,Predicted logps,Predicted qeds,Predicted sas,Predicted tpsas,Predicted affinity,key
-9.0,3.0,3.2443000000000017,0.15663217060971785,4.170695195730495,143.76999999999998,-9.5,-9_3
-9.0,3.0,3.3386200000000024,0.4578199488024848,2.50671003770454,72.08000000000001,-8.3,-9_3
-9.0,3.0,2.9477200000000012,0.8507958176003361,3.478841268905123,56.73,-8.3,-9_3
-9.0,3.0,2.983020000000001,0.6721704570111071,2.4893577852839694,76.53999999999999,-8.3,-9_3
-9.0,3.0,3.504800000000002,0.6131527829265263,2.2250217971559696,87.07000000000001,-8.8,-9_3
-9.0,3.0,2.7148000000000003,0.5059917742580305,3.3203416159982186,117.57999999999998,-9.4,-9_3
-9.0,3.0,3.073260000000002,0.8429321915663328,4.073395100494623,66.39999999999999,-8.5,-9_3
-9.0,3.0,3.7538000000000027,0.7432654476401466,2.248981967739585,37.269999999999996,-9.5,-9_3
-9.0,3.0,2.767220000000001,0.8459727115501742,3.836684841098684,63.38,-8.5,-9_3
-9.0,3.0,3.6147000000000027,0.42150803301153106,2.9387007156569265,110.88,-8.8,-9_3
-9.0,3.0,2.2118700000000002,0.37433883027181847,2.8634278902383734,125.58000000000001,-9.0,-9_3
-9.0,3.0,1.9046,0.7415230508349959,2.3348084793205395,106.25,-9.1,-9_3
-9.0,3.0,2.9784000000000015,0.6322088508118299,2.8893687993267765,81.75,-8.3,-9_3
-9.0,3.0,3.7459000000000024,0.35711919678271303,3.8699367292611226,113.58999999999999,-8.4,-9_3
-9.0,3.0,2.9327000000000014,0.5964379633889789,2.201928274888761,85.83,-9.0,-9_3
-9.0,3.0,2.6729200000000004,0.6271397087844697,2.082408982655517,110.0,-8.5,-9_3
-9.0,3.0,3.1861000000000006,0.40437051550831515,2.0835469728032763,136.32000000000002,-9.0,-9_3
-9.0,3.0,3.4001400000000013,0.5556834945443284,2.216692313281177,81.81,-8.6,-9_3
-9.0,3.0,2.3696400000000004,0.782849281385372,2.2487384896087477,77.75,-8.9,-9_3
-9.0,3.0,3.2395600000000018,0.557768096651609,2.7039502269198294,102.96000000000001,-8.6,-9_3
-9.0,3.0,3.0059000000000005,0.22011447840213832,3.6692654238986018,134.42000000000002,-9.4,-9_3
-9.0,3.0,2.2295999999999996,0.7287520505215098,2.332706412540583,109.41000000000001,-8.4,-9_3
-9.0,3.0,3.327000000000001,0.7253228346114873,2.2162703159602586,66.91,-8.9,-9_3
-9.0,3.0,3.3386000000000013,0.7356220016402588,1.8868841614560825,74.68,-9.7,-9_3
-9.0,3.0,3.3347000000000016,0.6182700205364764,2.0944138515770785,57.7,-8.5,-9_3
-9.0,3.0,4.161220000000003,0.59286234854765,3.83423327162569,55.89,-8.1,-9_3
-9.0,3.0,3.16622,0.29831081726222,2.712035521784216,133.96999999999997,-8.2,-9_3
-9.0,3.0,3.5831000000000017,0.698349772953171,4.861182831448501,86.71000000000001,-8.8,-9_3
-9.0,3.0,2.7964200000000012,0.8794999140706835,2.9031869238604244,67.92,-8.5,-9_3
-9.0,3.0,2.920700000000002,0.6203743882185495,2.254193531843736,106.87,-8.7,-9_3
-9.0,3.0,3.6940000000000026,0.5768288804342993,2.516473107348631,48.53,-8.6,-9_3
-9.0,3.0,2.9716000000000014,0.7548974801437612,2.7127012006957436,80.23,-7.7,-9_3
-9.0,3.0,2.3407,0.6943193477064608,2.4725388121474996,108.38000000000001,-8.4,-9_3
-9.0,3.0,2.863920000000001,0.6710176917687666,2.945235052747112,106.92,-8.3,-9_3
-9.0,3.0,3.376140000000002,0.5130300422388996,2.766944591850896,75.59,-8.8,-9_3
-9.0,3.0,2.1437,0.7240258140034602,2.382846080181217,89.07,-8.3,-9_3
-9.0,3.0,2.3591,0.7132007729430173,2.773628654145714,83.4,-8.7,-9_3
-9.0,3.0,2.1535199999999985,0.5567228173089777,2.7241793106614978,97.25999999999999,-9.4,-9_3
-9.0,3.0,3.073900000000001,0.46846238168719195,2.8631022635266117,64.32000000000001,-8.1,-9_3
-9.0,3.0,3.841040000000003,0.6540030543575163,2.876100180580627,82.86000000000001,-8.7,-9_3
-9.0,3.0,2.7116000000000007,0.6107805554744313,2.24277133453133,75.36000000000001,-7.8,-9_3
-9.0,3.0,3.1232000000000015,0.5689075005868847,3.0314601979306817,88.92,-9.0,-9_3
-9.0,3.0,3.493400000000002,0.5331367801002475,2.288104185819936,72.94,-8.6,-9_3
-9.0,3.0,3.099940000000001,0.7055141212642709,2.8626307713755956,92.26,-8.8,-9_3
-9.0,3.0,3.018880000000001,0.6663601786434546,3.5693066055136757,100.83000000000001,-8.2,-9_3
-9.0,3.0,2.8553000000000006,0.4370742268811071,3.393596920338707,110.39999999999999,-9.1,-9_3
-9.0,3.0,3.183600000000002,0.8563125933245119,2.613099801988149,75.71000000000001,-8.5,-9_3
-9.0,3.0,3.4000400000000015,0.7245559783122071,2.3045847248969107,79.9,-9.0,-9_3
-9.0,3.0,2.9322000000000017,0.4514192224421832,2.4680709235373754,108.05000000000001,-8.4,-9_3
-9.0,3.0,2.962900000000001,0.7239136462926667,2.8632070034295953,80.37,-8.6,-9_3
-9.0,3.0,3.4783000000000035,0.6214669744078066,2.6303440424003455,70.33999999999999,-8.7,-9_3
-9.0,3.0,3.291480000000001,0.6881203819734921,3.1122665712189184,127.12,-8.1,-9_3
-9.0,3.0,3.3016000000000023,0.5202908137406754,3.488998009496221,96.58000000000001,-9.1,-9_3
-9.0,3.0,3.3549000000000024,0.8043512557486681,2.9206194683315285,61.750000000000014,-7.4,-9_3
-9.0,3.0,3.1466200000000013,0.6770988857041393,2.918292397775197,88.85,-9.1,-9_3
-9.0,3.0,2.7125000000000004,0.7274835644915852,2.973354695276882,78.52,-8.7,-9_3
-9.0,3.0,2.984700000000001,0.6649473072716564,2.3732271992442744,106.20000000000002,-7.9,-9_3
-9.0,3.0,3.149020000000001,0.5317856639349148,2.7011597280717865,84.14,-8.5,-9_3
-9.0,3.0,3.8645000000000023,0.5578469018759579,2.9677458530904275,73.55000000000001,-9.1,-9_3
-9.0,3.0,3.0515000000000017,0.7082338349909509,2.3404455193462077,93.2,-9.4,-9_3
-9.0,3.0,2.5227900000000005,0.20521156518862738,2.9966576005820666,153.79,-8.8,-9_3
-9.0,3.0,2.708500000000001,0.7367781920603429,3.421989392227063,80.64,-8.5,-9_3
-9.0,3.0,3.021700000000002,0.6242905953330568,1.8857518727691946,109.62,-8.4,-9_3
-9.0,3.0,3.086800000000001,0.4426726083860121,2.185309592512885,98.74000000000001,-9.6,-9_3
-9.0,3.0,3.1900200000000014,0.4780016380940774,2.3524990882177814,71.58000000000001,-9.3,-9_3
-9.0,3.0,3.327300000000001,0.707757207623931,2.9997302367188166,86.78999999999999,-8.2,-9_3
-9.0,3.0,3.3124400000000014,0.7619291231703424,2.45575762434248,59.81,-9.3,-9_3
-9.0,3.0,2.9338000000000015,0.4979980503788141,2.638070860041463,67.03,-9.1,-9_3
-9.0,3.0,3.0044399999999998,0.2086811670361195,2.6646619069942723,162.35999999999999,-7.7,-9_3
-9.0,3.0,3.2483200000000014,0.8747480736056943,3.5439476313023777,44.37,-7.8,-9_3
-9.0,3.0,2.892900000000002,0.8001618107856274,2.7761894785085772,78.51,-8.4,-9_3
-9.0,3.0,2.469500000000001,0.6710035361442114,3.309179821218536,89.97999999999999,-7.1,-9_3
-9.0,3.0,2.6926699999999997,0.3151146924146715,2.1408161704458983,148.35999999999999,-8.3,-9_3
-9.0,3.0,2.0596,0.3977098195663885,2.675543192607252,104.96000000000001,-8.2,-9_3
-9.0,3.0,3.4164400000000024,0.31990470136544485,2.6783288194612265,90.94,-8.6,-9_3
-9.0,3.0,2.6609000000000007,0.6392176685804157,2.249461689267708,114.63000000000001,-8.5,-9_3
-9.0,3.0,2.9651000000000014,0.68134920114664,2.252029536253591,72.83,-8.4,-9_3
-9.0,3.0,3.6884700000000015,0.06436608882759116,3.784374579953152,128.04999999999998,-8.4,-9_3
-9.0,3.0,2.6607000000000003,0.6292365618307207,2.1741152722022434,73.91,-8.1,-9_3
-9.0,3.0,2.590299999999999,0.6735399546957601,3.2782650900138544,104.86999999999999,-8.9,-9_3
-9.0,3.0,3.3080000000000025,0.6414410370014794,2.0649436765329625,49.74,-9.2,-9_3
-9.0,3.0,2.8813000000000013,0.6730085880459407,2.127529425691753,71.41,-8.7,-9_3
-9.0,3.0,2.63002,0.6869743749452664,3.696406397165253,97.39,-8.5,-9_3
-9.0,3.0,2.6152000000000006,0.4987230080988201,2.7159540500882446,117.05999999999999,-8.9,-9_3
-9.0,3.0,3.5213000000000028,0.5267114484611792,3.6221585162362544,61.660000000000004,-10.2,-9_3
-9.0,3.0,3.3576000000000015,0.6949690709320594,2.3524796331136937,49.410000000000004,-8.3,-9_3
-9.0,3.0,3.049500000000001,0.5580501542849795,2.1592910505954173,69.9,-8.6,-9_3
-9.0,3.0,2.878400000000001,0.6853650701045579,2.7776154746982726,83.55000000000001,-9.4,-9_3
-9.0,3.0,2.6603000000000003,0.6925711937844314,2.154232194089035,126.64,-8.6,-9_3
-9.0,3.0,3.1437000000000017,0.6927234563373255,3.0391166486036987,61.10000000000001,-8.4,-9_3
-9.0,3.0,2.8850000000000016,0.4715438348161081,3.1351578501617343,104.97,-8.6,-9_3
-9.0,3.0,3.0493000000000006,0.1678214790822657,3.400565510044549,132.63,-8.7,-9_3
-9.0,3.0,2.8763000000000014,0.5080215482643532,4.427489549907305,51.21,-9.1,-9_3
-9.0,3.0,3.8056800000000024,0.49475460648942393,3.108490955617147,95.12,-8.4,-9_3
-9.0,3.0,3.6320000000000023,0.30691410353833226,3.8557481217789826,110.26,-8.8,-9_3
-9.0,3.0,2.7976,0.6104026442814217,2.8957497308131295,95.64999999999999,-8.7,-9_3
-9.0,3.0,2.5524000000000004,0.5647364035652824,2.13579312664943,124.16,-7.8,-9_3
-9.0,3.0,2.82062,0.7727604644705584,2.17202126552848,93.79,-9.7,-9_3
-9.0,3.0,2.4762000000000004,0.6977159350098591,2.638856476410984,97.3,-8.4,-9_3
-9.0,3.0,3.6514000000000024,0.5015521204109902,3.675704779870479,91.26000000000002,-8.6,-9_3
-9.0,3.0,2.777400000000001,0.41081519331314237,2.9705025394310045,110.28,-8.7,-9_3
-9.0,3.0,3.0050000000000017,0.7317757149322692,2.1078374894636625,55.2,-9.0,-9_3
-9.0,3.0,2.6735000000000007,0.2243061491686982,3.3220596419993242,132.55,-9.2,-9_3
-9.0,3.0,2.887900000000001,0.28413675264344007,2.9728183713899163,58.2,-8.8,-9_3
-9.0,3.0,0.7361999999999995,0.835526322414503,3.3334915450654927,76.19,-7.7,-9_3
-9.0,3.0,2.937540000000001,0.7219519428534464,2.2082053021107093,114.44000000000001,-7.9,-9_3
-9.0,3.0,3.218700000000001,0.9365788405053169,3.11813512901381,71.58,-8.8,-9_3
-9.0,3.0,3.145000000000002,0.7976209240500212,2.6824548523549705,79.73,-9.2,-9_3
-9.0,3.0,2.5445,0.6936265510466414,2.9674221447857665,101.63,-9.2,-9_3
-9.0,3.0,2.9210800000000017,0.6346963354154753,2.4374027528677384,95.32,-8.6,-9_3
-9.0,3.0,2.823920000000001,0.7625227825505804,2.2308470573836843,71.33,-9.3,-9_3
-9.0,3.0,2.5794000000000006,0.8760103834797436,3.27253959004823,39.34,-8.5,-9_3
-9.0,3.0,3.169100000000002,0.4855178977601266,2.273999741050293,125.08000000000001,-7.9,-9_3
-9.0,3.0,2.6722,0.7399254555158391,2.496951016396423,68.73000000000002,-9.0,-9_3
-9.0,3.0,3.7961000000000027,0.5086030516996896,2.8843806903685323,116.88999999999999,-8.0,-9_3
-9.0,3.0,3.1690200000000015,0.3546801853142323,3.620682647870394,97.79,-9.0,-9_3
-9.0,3.0,3.079200000000001,0.5081608619895835,2.7796681563401417,91.46000000000001,-8.7,-9_3
-9.0,3.0,3.2845000000000013,0.879142755959699,2.090619493253554,68.53999999999999,-7.6,-9_3
-9.0,3.0,3.2383000000000015,0.5696194231542548,3.923363375742646,94.17000000000002,-7.9,-9_3
-9.0,3.0,4.4329000000000045,0.7017265689955582,3.589218324662424,21.59,-9.3,-9_3
-9.0,3.0,2.7858,0.39419600073160893,2.604215509552281,123.9,-8.7,-9_3
-9.0,3.0,2.9319000000000015,0.8739359343234169,2.677396815421007,47.56,-8.8,-9_3
-9.0,3.0,3.213400000000002,0.5499182928069682,2.3088808555871605,73.97,-8.6,-9_3
-9.0,5.0,6.020500000000006,0.4085691253316252,2.9863165318095657,54.18000000000001,-8.7,-9_5
-9.0,5.0,4.555700000000004,0.4511771691392349,3.2184515649980465,78.87,-9.3,-9_5
-9.0,5.0,4.193920000000001,0.6196629667757392,4.342924523423385,55.13,-8.8,-9_5
-9.0,5.0,5.233740000000004,0.6909204215231216,2.550474402586463,53.43000000000001,-8.8,-9_5
-9.0,5.0,4.579700000000002,0.44242073404789184,2.1001248617312314,56.51,-7.5,-9_5
-9.0,5.0,4.611920000000005,0.447969031747711,3.389291720241145,68.73,-8.6,-9_5
-9.0,5.0,4.252900000000003,0.32097137377944585,2.5588786387795803,111.61999999999999,-8.0,-9_5
-9.0,5.0,4.904600000000003,0.5365673958629973,2.0289209938162625,68.02000000000001,-9.0,-9_5
-9.0,5.0,4.4162000000000035,0.2668995932566832,3.69502178264736,167.07999999999998,-8.0,-9_5
-9.0,5.0,4.923620000000001,0.5520069054044718,2.5252590112931834,55.11,-9.2,-9_5
-9.0,5.0,4.659640000000004,0.4423830782448571,2.368624819319015,74.61000000000001,-8.5,-9_5
-9.0,5.0,4.759500000000005,0.5040691981181411,3.019026539273108,77.76,-8.9,-9_5
-9.0,5.0,4.999400000000004,0.4629029978555223,2.4696297668848857,67.15,-8.6,-9_5
-9.0,5.0,3.729800000000002,0.5927115892879498,2.242412774638181,100.19,-8.7,-9_5
-9.0,5.0,4.921800000000004,0.6734906910438042,2.579052675272129,45.39,-8.7,-9_5
-9.0,5.0,3.925600000000003,0.8439166366623789,2.01614477463818,19.37,-7.6,-9_5
-9.0,5.0,4.719520000000003,0.6988749601631218,2.995217654145714,74.49000000000001,-8.4,-9_5
-9.0,5.0,4.496440000000004,0.19395901951548392,2.5744140569481377,118.13000000000001,-9.2,-9_5
-9.0,5.0,4.239000000000003,0.6119282799834077,2.742506224536669,75.71000000000001,-9.3,-9_5
-9.0,5.0,4.844600000000004,0.5593250366774335,2.5528672935585597,67.87,-9.2,-9_5
-9.0,5.0,4.878600000000003,0.35711236605120966,2.7826706029125265,101.76000000000002,-10.1,-9_5
-9.0,5.0,5.165900000000004,0.48581339962013526,4.910153323933455,83.75999999999999,-9.0,-9_5
-9.0,5.0,5.702470000000004,0.13650063820521371,2.5067371211006346,145.37,-8.7,-9_5
-9.0,5.0,4.700800000000003,0.5223116868051759,1.7286331856883042,70.23,-8.7,-9_5
-9.0,5.0,4.420440000000004,0.6645619051905867,2.749034083124201,79.51,-9.9,-9_5
-9.0,5.0,4.500900000000002,0.7218690298293514,2.1600087237224592,61.96,-9.5,-9_5
-9.0,5.0,4.876500000000002,0.4122472905094351,2.279840387955348,53.07,-8.4,-9_5
-9.0,5.0,4.968320000000002,0.707831648501688,2.7663108515612578,54.88,-9.5,-9_5
-9.0,5.0,6.008380000000006,0.1251104996418552,3.9105641937470494,163.27,-8.7,-9_5
-9.0,5.0,4.792140000000004,0.28442920343991646,3.52125750738188,101.54,-8.9,-9_5
-9.0,5.0,5.453800000000006,0.5914561385484558,3.9162990770001453,53.85,-9.1,-9_5
-9.0,5.0,5.280680000000005,0.4822798794539073,3.13296234191308,73.2,-8.3,-9_5
-9.0,5.0,4.174400000000003,0.42064509571827435,2.1784366654214473,105.12,-8.9,-9_5
-9.0,5.0,4.095920000000003,0.4523447919448325,3.6868289406703108,118.00000000000001,-9.5,-9_5
-9.0,5.0,4.446460000000004,0.7660968384640939,1.9859129913229054,64.11,-9.1,-9_5
-9.0,5.0,4.896320000000005,0.327693451418146,3.218793863346196,102.10000000000001,-9.4,-9_5
-9.0,5.0,5.204140000000004,0.232499633510431,3.229269773927335,151.05999999999997,-9.6,-9_5
-9.0,5.0,4.9348000000000045,0.45600665484718444,3.193962751574592,45.39,-8.4,-9_5
-9.0,5.0,4.872860000000004,0.551612440678652,2.143499052439605,76.66,-8.4,-9_5
-9.0,5.0,4.398100000000004,0.310486791724885,3.156146155535904,85.97000000000001,-9.4,-9_5
-9.0,5.0,5.095400000000004,0.28063552882381054,2.6878792814090033,126.53,-9.4,-9_5
-9.0,5.0,4.411070000000005,0.2997291441855039,3.1494725056229873,87.92,-8.6,-9_5
-9.0,5.0,4.824320000000004,0.48767308900203005,2.2067747202328913,52.33,-8.7,-9_5
-9.0,5.0,4.502100000000003,0.3854043209418404,2.1400292007044186,82.21000000000001,-8.8,-9_5
-9.0,5.0,4.490720000000003,0.7286033912102766,2.432103435609168,44.89,-8.8,-9_5
-9.0,5.0,5.857140000000006,0.37344124403660917,2.741292600377447,56.74,-9.0,-9_5
-9.0,5.0,4.470400000000003,0.5240995562516311,2.1648454863180255,44.81,-8.4,-9_5
-9.0,5.0,4.734900000000003,0.6956706889854127,2.370048454535196,64.11,-8.6,-9_5
-9.0,5.0,5.177960000000003,0.6701743573530067,1.873978277661763,58.2,-9.2,-9_5
-9.0,5.0,5.002420000000004,0.4056710017466053,2.969834593785217,96.61000000000001,-8.9,-9_5
-9.0,5.0,5.589840000000005,0.5574434996216603,2.6306483313807245,64.36000000000001,-8.6,-9_5
-9.0,5.0,4.586700000000002,0.3805328445009832,2.8800274960889816,68.92,-9.3,-9_5
-9.0,5.0,4.854700000000002,0.7143612685916974,2.6605685541191715,42.6,-8.0,-9_5
-9.0,5.0,5.126160000000005,0.5839470799402249,2.2591401024973745,67.60000000000001,-9.0,-9_5
-9.0,5.0,4.614320000000004,0.7782431507929095,3.1960891048482765,86.87,-7.7,-9_5
-9.0,5.0,4.800140000000003,0.35150922490113823,2.4367091991947714,80.89,-8.1,-9_5
-9.0,5.0,4.482810000000001,0.1636897009559542,3.3978768699619426,169.95,-10.6,-9_5
-9.0,5.0,4.4006000000000025,0.33037111525570423,2.222659671772158,139.77,-8.7,-9_5
-9.0,5.0,4.590040000000005,0.6864223010034584,2.8863503710114955,68.2,-8.8,-9_5
-9.0,5.0,4.857640000000003,0.3916125880495381,2.5427660370875014,42.85,-8.4,-9_5
-9.0,5.0,5.942600000000006,0.6361670851778903,2.326245207070613,23.47,-8.6,-9_5
-9.0,5.0,5.022820000000004,0.63571015139377,2.9847909220320474,92.42999999999999,-9.0,-9_5
-9.0,5.0,4.526420000000004,0.6399348208058626,3.3404423036908852,44.120000000000005,-8.0,-9_5
-9.0,5.0,5.1306600000000016,0.6542613994794809,2.7516620283695232,49.93,-9.4,-9_5
-9.0,5.0,4.975500000000003,0.4645932345368532,1.93065374681761,68.28999999999999,-9.4,-9_5
-9.0,5.0,5.121000000000004,0.468896904373653,2.5212760034158155,66.71,-9.3,-9_5
-9.0,5.0,4.697800000000003,0.4033918231277772,2.6778922640283636,93.75999999999999,-10.6,-9_5
-9.0,5.0,5.7144000000000075,0.41829899150952393,5.884095685432849,112.60000000000001,-8.9,-9_5
-9.0,5.0,4.799370000000004,0.36255845879649284,3.6819574621520657,97.87,-9.7,-9_5
-9.0,5.0,5.216420000000005,0.45087255363436884,2.4515520552507475,33.95,-8.9,-9_5
-9.0,5.0,4.3362200000000035,0.3722481293421089,2.2978753434351624,108.28999999999999,-9.3,-9_5
-9.0,5.0,4.812840000000004,0.6392704514047888,2.5091334118252107,75.6,-10.4,-9_5
-9.0,5.0,4.963100000000003,0.5846199835044787,1.6285057971559667,55.4,-8.6,-9_5
-9.0,5.0,4.917500000000004,0.5597117983076444,1.8240646542988266,47.040000000000006,-8.7,-9_5
-9.0,5.0,4.3875800000000025,0.8486403885347036,3.2614193663154465,45.05,-8.6,-9_5
-9.0,5.0,3.8775000000000013,0.1675961926938546,2.799051183295843,120.14,-7.9,-9_5
-9.0,5.0,4.783700000000003,0.3496323887249556,2.977363705929694,106.03,-8.5,-9_5
-9.0,5.0,3.8011000000000026,0.3892607470354191,3.4477146788318223,111.63,-8.2,-9_5
-9.0,5.0,4.496700000000003,0.584589002740234,3.5489104785480077,79.15,-8.9,-9_5
-9.0,5.0,4.757400000000003,0.45698028763927384,2.818831508969824,85.44000000000001,-9.9,-9_5
-9.0,5.0,4.829620000000005,0.45518708748008885,2.5785428110187336,63.21000000000001,-9.9,-9_5
-9.0,5.0,4.723500000000004,0.4502683898845691,2.398579105123954,56.410000000000004,-8.1,-9_5
-9.0,5.0,4.078000000000003,0.5737835042856853,3.862910104448874,65.45,-9.2,-9_5
-9.0,5.0,4.892920000000002,0.4750343489941812,2.108704660062873,92.92999999999999,-9.3,-9_5
-9.0,5.0,5.2748000000000035,0.5231648032330791,2.2905016977151043,50.17,-8.8,-9_5
-9.0,5.0,4.763920000000003,0.36678164607348723,2.199145407015882,71.94,-9.2,-9_5
-9.0,5.0,4.4158000000000035,0.38546864965668504,2.9206373750790924,83.55000000000001,-8.1,-9_5
-9.0,5.0,5.768800000000006,0.407622990923453,3.201754129695023,43.18000000000001,-8.4,-9_5
-9.0,5.0,4.653300000000005,0.451859418486102,2.5657732569365805,66.29,-9.3,-9_5
-9.0,5.0,5.375700000000004,0.5068368878615497,2.17195999730869,50.36,-8.8,-9_5
-9.0,5.0,5.296800000000005,0.5895049776642748,2.7513795309021223,23.550000000000004,-8.8,-9_5
-9.0,5.0,4.603200000000005,0.6676299802002388,1.9135652997153336,29.54,-8.9,-9_5
-9.0,5.0,5.422700000000005,0.3297312011952353,2.817112988575742,86.28,-9.3,-9_5
-9.0,5.0,5.664800000000005,0.23995475207298753,3.1171294907367564,81.41000000000001,-8.1,-9_5
-9.0,5.0,5.349400000000004,0.4696513655869603,2.062294022540687,72.47,-8.7,-9_5
-9.0,5.0,4.961000000000004,0.36378858324014424,2.3316242488142507,69.63,-8.1,-9_5
-9.0,5.0,5.561000000000006,0.370750359532476,3.471122221386863,54.46000000000001,-7.6,-9_5
-9.0,5.0,4.696700000000003,0.46857039688863716,2.065963340594619,82.82000000000001,-9.0,-9_5
-9.0,5.0,5.3460000000000045,0.4461583304394856,2.204921390022795,3.88,-8.9,-9_5
-9.0,5.0,5.130500000000005,0.40758904339609026,3.3179795027185435,97.03,-8.9,-9_5
-9.0,5.0,4.151120000000003,0.6971239624727396,3.0943633673938127,78.92999999999999,-8.6,-9_5
-9.0,5.0,5.089800000000005,0.21303793059226717,4.378868319514161,121.03999999999999,-8.5,-9_5
-9.0,5.0,4.547600000000003,0.683349962199309,2.036441832380408,78.51,-8.3,-9_5
-9.0,5.0,5.943200000000006,0.5008388427066041,4.45644674360352,52.230000000000004,-9.4,-9_5
-9.0,5.0,4.192200000000003,0.2838261962607023,2.3755650762095843,69.06,-8.2,-9_5
-9.0,5.0,5.297300000000004,0.5607489227375583,3.288044353667514,97.02000000000001,-8.1,-9_5
-9.0,5.0,5.038820000000005,0.41143703487861977,2.98390573352477,79.61999999999999,-7.9,-9_5
-9.0,5.0,4.680200000000004,0.5534655838058846,4.032404448312498,83.72,-8.3,-9_5
-9.0,5.0,4.685400000000004,0.4635995940790795,2.771548527549596,67.15,-7.8,-9_5
-9.0,5.0,5.463200000000006,0.3467122205879706,4.028642399327015,107.97,-8.8,-9_5
-9.0,5.0,4.830900000000005,0.5010133865363354,3.253029722296981,65.46000000000001,-8.8,-9_5
-9.0,5.0,4.884300000000003,0.6817801070695615,3.7194789665176806,57.120000000000005,-8.4,-9_5
-9.0,5.0,5.099120000000003,0.5329360952443413,2.1997952369703526,78.67,-9.3,-9_5
-9.0,5.0,5.813620000000006,0.3293900602663734,3.08992405202544,72.91,-8.5,-9_5
-9.0,5.0,4.614200000000004,0.4977641770639753,2.3673004236089294,50.52,-9.0,-9_5
-9.0,5.0,4.2624,0.6942520108873936,2.158317414824637,63.83,-8.7,-9_5
-9.0,5.0,4.623800000000005,0.5006911042673501,2.5764662410584744,78.95,-8.3,-9_5
-9.0,5.0,5.057600000000003,0.5410779165019278,1.8869859423638236,56.269999999999996,-8.6,-9_5
-9.0,5.0,5.541800000000006,0.22677659772302944,3.9121825738399005,81.08,-9.0,-9_5
-9.0,5.0,5.1590200000000035,0.5261526131295667,2.0603987202328913,49.94,-9.1,-9_5
-9.0,5.0,4.815440000000003,0.5769126528553473,2.2006894173535745,73.22,-7.7,-9_5
-6.0,3.0,2.8272000000000013,0.8892107816876881,1.8232744998448798,41.57000000000001,-6.2,-6_3
-6.0,3.0,3.2338000000000022,0.7207725000596573,2.665490543509092,50.28,-6.3,-6_3
-6.0,3.0,2.885300000000001,0.7502341771009109,3.182247442316518,45.480000000000004,-5.8,-6_3
-6.0,3.0,3.3232000000000017,0.7316922557962792,2.9984430042418317,15.71,-5.8,-6_3
-6.0,3.0,2.5228,0.3847023728631348,3.0090397127552855,41.35,-6.0,-6_3
-6.0,3.0,3.392400000000001,0.8759165255213691,2.5862814704522687,63.33,-6.1,-6_3
-6.0,3.0,2.941600000000001,0.8444865175867396,3.6502597067515685,25.990000000000002,-6.0,-6_3
-6.0,3.0,2.8733000000000013,0.5995177285870649,1.8985119492375926,67.42999999999999,-6.1,-6_3
-6.0,3.0,3.2227000000000023,0.7625378994714276,1.914567400171162,6.48,-6.0,-6_3
-6.0,3.0,2.908520000000001,0.5053274007094445,2.132850041376532,49.56,-6.8,-6_3
-6.0,3.0,3.4171000000000014,0.7570478884379143,2.4586869649577636,25.78,-6.1,-6_3
-6.0,3.0,3.836800000000001,0.7998927699058344,2.8465894318459846,28.68,-5.8,-6_3
-6.0,3.0,2.8356000000000012,0.8869019380860357,2.6401726358322097,53.940000000000005,-6.1,-6_3
-6.0,3.0,3.8724900000000018,0.5759879795713084,3.1100188330896303,17.29,-6.5,-6_3
-6.0,3.0,3.048700000000002,0.8138279669166593,2.0530142096140676,52.32,-6.4,-6_3
-6.0,3.0,3.1458200000000014,0.6472786696892436,2.448956635832209,67.77000000000001,-6.7,-6_3
-6.0,3.0,2.9312000000000014,0.6014887326988834,2.0283924532163713,51.22,-5.7,-6_3
-6.0,3.0,2.937800000000001,0.5623678760655225,3.666371278709163,15.6,-6.0,-6_3
-6.0,3.0,2.924900000000002,0.7404692339473988,3.2332334860670215,8.17,-6.2,-6_3
-6.0,3.0,3.3527000000000005,0.6853065492157766,2.7922422141676524,64.07,-6.2,-6_3
-6.0,3.0,3.7585000000000024,0.7778352262199874,1.6817033248466586,26.3,-6.5,-6_3
-6.0,3.0,2.968400000000001,0.88896531371296,1.6737537567026042,38.33,-6.0,-6_3
-6.0,3.0,1.48542,0.37618304623671805,1.8671228827163286,69.16,-5.3,-6_3
-6.0,3.0,3.0524000000000013,0.7648184035787258,2.2315813549229073,33.120000000000005,-6.0,-6_3
-6.0,3.0,2.9377000000000013,0.8200988843455338,1.7071094771372408,41.129999999999995,-6.7,-6_3
-6.0,3.0,2.6971000000000007,0.8386127640343907,1.5148639865018545,38.33,-6.0,-6_3
-6.0,3.0,2.775500000000001,0.5151386827137255,2.262401234951877,50.72,-5.9,-6_3
-6.0,3.0,3.118520000000001,0.648579293490289,1.6337674954737729,12.89,-5.8,-6_3
-6.0,3.0,3.293790000000002,0.6720006264293422,2.601893090732947,42.09,-6.4,-6_3
-6.0,3.0,2.8062200000000015,0.7661510865823722,3.06044811789174,51.66,-6.2,-6_3
-6.0,3.0,2.6745,0.6564292024486228,2.603164863308198,39.42,-6.1,-6_3
-6.0,3.0,2.3477000000000006,0.4804620635445736,4.061133272145761,72.19,-5.6,-6_3
-6.0,3.0,3.730780000000003,0.6932203487361919,3.6075539938201384,56.38,-5.6,-6_3
-6.0,3.0,2.647800000000001,0.4298935489710016,3.208209128331104,75.88000000000001,-6.3,-6_3
-6.0,3.0,2.8359200000000016,0.7213886447401685,2.0293922205262813,58.2,-6.8,-6_3
-6.0,3.0,2.917300000000001,0.824818220416665,2.8509745922641745,53.33,-5.8,-6_3
-6.0,3.0,3.3221000000000016,0.5893360586175613,2.539938741802141,64.99000000000001,-6.7,-6_3
-6.0,3.0,2.7617200000000013,0.6210861420830744,2.3671792268968925,65.22,-6.3,-6_3
-6.0,3.0,3.4151000000000025,0.40165944681484894,2.4754100138098707,41.46,-6.3,-6_3
-6.0,3.0,3.4442000000000013,0.36426094064727627,2.4631529397366236,64.44000000000001,-6.9,-6_3
-6.0,3.0,1.8081,0.5834948104770644,3.155460412138904,61.83,-5.9,-6_3
-6.0,3.0,3.2043000000000017,0.8211155166819256,1.7517816921315497,29.1,-6.1,-6_3
-6.0,3.0,2.694600000000001,0.5253284063749333,1.6294038599637162,35.53,-6.1,-6_3
-6.0,3.0,3.5132200000000013,0.464994304752335,1.7804236204321704,43.370000000000005,-6.9,-6_3
-6.0,3.0,2.5217,0.7605462649079461,2.069215496934742,38.33,-6.0,-6_3
-6.0,3.0,3.027400000000001,0.7770749442207351,2.1015285080815556,21.259999999999998,-5.9,-6_3
-6.0,3.0,3.184400000000002,0.5755802359111112,2.721325655042236,78.79,-6.7,-6_3
-6.0,3.0,2.8081000000000014,0.7897181437116609,2.5028056588753476,67.42999999999999,-6.3,-6_3
-6.0,3.0,3.1849000000000016,0.8789841252250219,1.925413616037165,46.92,-6.9,-6_3
-6.0,3.0,3.215700000000002,0.8213955688753921,1.4710241342647734,24.06,-6.0,-6_3
-6.0,3.0,3.016700000000001,0.699417862698596,2.2169105627215,41.489999999999995,-6.7,-6_3
-6.0,3.0,3.1811000000000016,0.8834432779145294,1.9652514853817777,48.14,-5.9,-6_3
-6.0,3.0,2.9896200000000013,0.8151168617046635,3.1899054377631435,30.71,-5.2,-6_3
-6.0,3.0,3.1249000000000016,0.6777308199642534,1.4443347740775199,20.23,-5.6,-6_3
-6.0,3.0,2.974100000000001,0.8689270983546107,2.9897597067515704,45.230000000000004,-6.3,-6_3
-6.0,3.0,3.338460000000002,0.5486150389735176,2.48936722536825,25.78,-5.7,-6_3
-6.0,3.0,3.425600000000002,0.706730070728076,1.965658693725219,19.37,-6.8,-6_3
-6.0,3.0,2.9484400000000015,0.5135379348978476,2.5894311929795872,38.67,-6.1,-6_3
-6.0,3.0,2.5749400000000007,0.7605787351680233,2.2100419100127073,22.0,-6.2,-6_3
-6.0,3.0,2.755020000000001,0.7416839630407649,2.3275242741482494,42.68000000000001,-6.3,-6_3
-6.0,3.0,2.978320000000002,0.637109403909175,2.1346219230276944,90.93,-5.9,-6_3
-6.0,3.0,3.1548000000000007,0.8495786988112958,1.9081524319215077,38.91,-6.0,-6_3
-6.0,3.0,2.880200000000001,0.8269128665585268,3.5664381234300873,76.99000000000001,-6.4,-6_3
-6.0,3.0,3.1388200000000017,0.7461029317036745,1.833947002202457,25.78,-6.1,-6_3
-6.0,3.0,3.106020000000001,0.8476523573053566,1.6070990906681661,29.1,-5.6,-6_3
-6.0,3.0,3.424800000000002,0.8333825029128891,2.495164004191782,42.519999999999996,-6.1,-6_3
-6.0,3.0,2.612120000000001,0.8213490957440898,3.23895023568671,78.60000000000001,-6.3,-6_3
-6.0,3.0,2.914500000000001,0.8405125572942059,2.4065592916924103,33.29,-6.2,-6_3
-6.0,3.0,3.1266000000000016,0.7306136777577372,2.85150703199127,64.63,-5.4,-6_3
-6.0,3.0,3.0695000000000014,0.816587494963047,2.517102321502179,45.91,-5.9,-6_3
-6.0,3.0,3.295600000000002,0.7326266135279801,1.7780152948853818,28.68,-6.2,-6_3
-6.0,3.0,2.8729000000000013,0.5883212347038247,2.294858864905942,75.86,-5.8,-6_3
-6.0,3.0,2.855200000000001,0.7661355480781449,1.3740937311618246,21.259999999999998,-5.7,-6_3
-6.0,3.0,2.9611000000000023,0.8739211065073791,1.9382012725511295,49.33,-6.3,-6_3
-6.0,3.0,2.6095000000000006,0.8366456711785036,2.968319765923166,62.13,-6.1,-6_3
-6.0,3.0,3.925300000000002,0.6601629549943819,2.650557839896827,37.28,-6.4,-6_3
-6.0,3.0,2.921100000000001,0.8911541578375203,2.0630631638124903,59.06,-6.2,-6_3
-6.0,3.0,2.9666000000000015,0.6550248398751946,1.7592994516976788,30.930000000000003,-6.3,-6_3
-6.0,3.0,3.0218000000000007,0.6266146383801903,4.0037081142983775,48.42,-6.5,-6_3
-6.0,3.0,2.7484600000000015,0.6365778389417299,2.6458628269319036,47.58,-5.6,-6_3
-6.0,3.0,2.906600000000001,0.8387823292021369,2.381413510313367,23.47,-6.5,-6_3
-6.0,3.0,2.9246000000000016,0.3700560583897125,3.674620937316714,78.9,-5.6,-6_3
-6.0,3.0,2.8179,0.2820133393878898,2.8346187768406956,55.79,-6.4,-6_3
-6.0,3.0,3.2021000000000015,0.8513597592161367,3.07187698747731,21.259999999999998,-6.5,-6_3
-6.0,3.0,2.9944000000000015,0.7046225291735991,1.963373905923774,26.3,-6.4,-6_3
-6.0,3.0,2.7604000000000006,0.6282601903636194,2.2106511972251717,33.29,-5.8,-6_3
-6.0,3.0,2.6874000000000002,0.9230013296201751,1.7422688448014512,38.33,-5.5,-6_3
-6.0,3.0,2.784600000000001,0.6316370532702259,2.321786964957763,47.61,-5.7,-6_3
-6.0,3.0,2.8637000000000015,0.780282809482544,1.758852183325276,41.99,-5.9,-6_3
-6.0,3.0,2.5833000000000004,0.7702936266690752,2.581935812609787,32.67,-6.8,-6_3
-6.0,3.0,2.542600000000001,0.39746717318274677,2.3005719124791053,61.830000000000005,-6.1,-6_3
-6.0,3.0,2.4629000000000003,0.7517993992800174,2.8145308106073,38.25,-5.3,-6_3
-6.0,3.0,3.005600000000001,0.7466116965664045,1.8231177061175625,27.05,-5.4,-6_3
-6.0,3.0,3.3670000000000018,0.5328947704310366,2.4398998302245296,72.68,-6.7,-6_3
-6.0,3.0,2.8725000000000005,0.7615855736189303,3.1740285725635156,41.57,-6.3,-6_3
-6.0,3.0,3.2855000000000016,0.7363288176700622,2.126299572895146,36.28,-6.1,-6_3
-6.0,3.0,2.8065999999999995,0.8467798171876387,2.7041847029271384,47.28,-5.6,-6_3
-6.0,3.0,2.6534000000000013,0.18689216142923123,3.0762115469150064,102.72999999999999,-5.7,-6_3
-6.0,3.0,2.735800000000001,0.5144567217543643,2.632073081280465,27.630000000000003,-6.0,-6_3
-6.0,3.0,2.8078200000000013,0.68821811154468,1.4994656059350522,26.3,-6.2,-6_3
-6.0,3.0,2.9289000000000014,0.8129544453266113,1.9000998625507073,32.34,-6.7,-6_3
-6.0,3.0,2.936600000000001,0.6092102265070438,2.379495860050371,25.78,-5.6,-6_3
-6.0,3.0,2.9297200000000005,0.912246464951361,2.177185398425255,41.99,-5.8,-6_3
-6.0,3.0,3.222800000000001,0.857797801042108,1.764273678244475,25.17,-6.7,-6_3
-6.0,3.0,2.532000000000001,0.8335937593194706,2.5591915522714093,37.38,-5.8,-6_3
-6.0,3.0,2.3455200000000005,0.7927775212411621,2.058579244579102,44.24000000000001,-6.2,-6_3
-6.0,3.0,3.3550200000000023,0.7984425770138113,2.2947781203020945,33.2,-6.0,-6_3
-6.0,3.0,2.4028,0.8524529527646076,2.0186968061630814,29.1,-5.5,-6_3
-6.0,3.0,3.6308000000000025,0.5687020039114025,3.6578831448933657,53.6,-6.2,-6_3
-6.0,3.0,3.140340000000002,0.6281148885846202,2.4798128269319033,12.89,-6.2,-6_3
-6.0,3.0,2.3164999999999996,0.6537694530992868,2.3904285146862208,36.95,-5.4,-6_3
-6.0,3.0,3.0109000000000012,0.6170224670341029,2.269324928254358,46.17,-6.0,-6_3
-6.0,3.0,2.870120000000001,0.37010145209959083,3.299128120302095,32.59,-6.7,-6_3
-6.0,3.0,3.120320000000002,0.7916506819122932,2.084070837159704,46.92,-6.1,-6_3
-6.0,3.0,2.675200000000001,0.8304510300357902,1.9615771259595522,34.150000000000006,-6.2,-6_3
-6.0,3.0,3.291800000000001,0.718313316587019,1.9821657375348138,24.39,-6.2,-6_3
-6.0,3.0,2.8546000000000005,0.722863126748577,1.829528211547288,29.1,-6.1,-6_3
-6.0,3.0,3.1080200000000016,0.490972362670869,2.5546773464534063,79.37,-6.5,-6_3
-6.0,3.0,2.7949,0.6387769935708254,2.0606737270328974,68.06,-6.2,-6_3
-6.0,3.0,2.836400000000001,0.8439928291222524,2.435145124130207,38.33,-6.3,-6_3
-6.0,3.0,3.114700000000001,0.7872860189458954,1.992559277312326,27.05,-6.1,-6_3
-6.0,3.0,2.803600000000001,0.7588602629866518,2.662318607305693,23.47,-5.9,-6_3
-6.0,3.0,3.402400000000002,0.42537099789900473,1.9473348778689399,38.769999999999996,-6.4,-6_3
-6.0,3.0,2.815900000000001,0.5848038704459544,2.0348932540462137,37.38,-6.7,-6_3
-6.0,3.0,3.378000000000002,0.8195841703373685,2.467015242473403,27.69,-6.9,-6_3
-6.0,5.0,3.8999000000000024,0.7311182690261911,2.2106621117119687,44.760000000000005,-5.9,-6_5
-6.0,5.0,4.426600000000004,0.6014605313399622,1.8361068456224174,42.24,-5.4,-6_5
-6.0,5.0,4.321420000000003,0.2275378014543544,2.9895708063159994,94.14,-7.0,-6_5
-6.0,5.0,5.229600000000005,0.27146445131921454,2.6520188906855164,54.37,-5.7,-6_5
-6.0,5.0,4.453100000000004,0.5456512166301296,2.189677333852975,35.53,-6.6,-6_5
-6.0,5.0,4.902600000000004,0.2902488206443967,1.9996906215857386,62.39,-6.6,-6_5
-6.0,5.0,4.433500000000004,0.4725879223177979,2.0071088724215596,29.540000000000003,-6.0,-6_5
-6.0,5.0,4.844800000000005,0.5160816415238927,1.827033759629268,20.23,-5.3,-6_5
-6.0,5.0,5.410100000000004,0.3380425287677646,2.4763942277196183,20.310000000000002,-6.2,-6_5
-6.0,5.0,4.665720000000003,0.5367240536298497,1.8429644629559867,21.259999999999998,-6.3,-6_5
-6.0,5.0,4.634000000000003,0.5646717500612972,2.0518123001678745,37.91,-6.2,-6_5
-6.0,5.0,4.599700000000005,0.284005207310228,2.2110939938060525,69.15,-6.0,-6_5
-6.0,5.0,4.4577000000000035,0.7038481433343682,3.3114442312292303,32.67,-6.5,-6_5
-6.0,5.0,4.871200000000005,0.551970059057928,2.86671438966294,40.54,-6.1,-6_5
-6.0,5.0,4.669700000000003,0.7131035463096066,2.718645511606443,27.69,-5.6,-6_5
-6.0,5.0,5.693500000000006,0.4457061611944784,2.9460638469373492,33.29,-5.8,-6_5
-6.0,5.0,4.428800000000004,0.33328471457419506,3.969106638136429,53.99000000000001,-6.2,-6_5
-6.0,5.0,4.833000000000004,0.33451147418898325,2.5995039015855,66.4,-5.7,-6_5
-6.0,5.0,5.485100000000005,0.18813470418521386,2.729171775431894,86.63000000000001,-5.6,-6_5
-6.0,5.0,4.3464000000000045,0.6101173443687615,3.669848760612319,40.54,-6.5,-6_5
-6.0,5.0,5.160800000000005,0.39115372232618223,1.8452011297818736,52.6,-6.0,-6_5
-6.0,5.0,4.868800000000004,0.6815572194643079,2.3708204669458723,32.34,-7.0,-6_5
-6.0,5.0,5.602600000000005,0.2194504307176255,2.9874920819706308,37.3,-6.4,-6_5
-6.0,5.0,4.547200000000004,0.5543321423564037,1.9207863524206168,39.19,-6.0,-6_5
-6.0,5.0,4.370900000000003,0.5019088297087735,2.2899391939310547,37.3,-5.9,-6_5
-6.0,5.0,4.899200000000005,0.27859509333586757,2.9812892304153618,20.08,-6.3,-6_5
-6.0,5.0,4.156300000000003,0.35371233826757115,2.2700318322833652,70.0,-6.4,-6_5
-6.0,5.0,4.512000000000005,0.4136555308389941,2.3492255891386336,49.769999999999996,-6.8,-6_5
-6.0,5.0,4.1982000000000035,0.7581943125834947,2.2267362375860937,33.019999999999996,-5.5,-6_5
-6.0,5.0,3.788000000000003,0.32893015646093593,2.7746292159611468,52.6,-5.6,-6_5
-6.0,5.0,4.205500000000003,0.4189298513130838,2.60905131273986,46.53,-6.1,-6_5
-6.0,5.0,4.805900000000005,0.45753429955970865,2.3835982763026156,29.540000000000003,-6.1,-6_5
-6.0,5.0,4.740800000000005,0.3399455439651884,2.2439610062011237,69.15,-6.4,-6_5
-6.0,5.0,5.103000000000005,0.2890016805241367,3.3148997545080388,41.46,-6.0,-6_5
-6.0,5.0,4.909200000000005,0.4879135567549375,3.423561047221125,63.6,-6.0,-6_5
-6.0,5.0,5.005600000000005,0.22520883842543432,2.9240712480056157,54.370000000000005,-6.0,-6_5
-6.0,5.0,4.039400000000002,0.7577794054235003,2.3167449584497355,37.3,-6.4,-6_5
-6.0,5.0,4.180300000000003,0.32541273027702794,1.9703866501438654,61.83,-6.6,-6_5
-6.0,5.0,5.495900000000005,0.2798010055508379,1.9851121152975217,84.27000000000001,-6.4,-6_5
-6.0,5.0,5.074500000000004,0.30532365457113436,2.64577795449169,49.33,-5.4,-6_5
-6.0,5.0,4.685300000000004,0.6302981060564835,1.571512020498833,20.23,-6.2,-6_5
-6.0,5.0,4.653700000000003,0.685230035615071,2.2023394412620743,46.53,-6.2,-6_5
-6.0,5.0,4.530620000000004,0.2084607093708266,3.018047063720566,69.39000000000001,-6.2,-6_5
-6.0,5.0,4.679200000000003,0.6073520763486733,2.67907649753959,64.21,-6.6,-6_5
-6.0,5.0,4.770280000000003,0.5557935140946348,3.1145946115122767,36.68,-5.7,-6_5
-6.0,5.0,4.255300000000003,0.7540122401344962,2.408603506070131,54.88,-6.8,-6_5
-6.0,5.0,3.3081000000000023,0.4015969269648305,3.3314883209709922,49.660000000000004,-6.3,-6_5
-6.0,5.0,4.224220000000003,0.4940848349150866,2.4277270500333934,34.89,-6.1,-6_5
-6.0,5.0,4.754100000000005,0.5222482580177216,2.418253349069417,23.47,-5.8,-6_5
-6.0,5.0,4.899200000000005,0.27859509333586757,2.9812892304153618,20.08,-6.3,-6_5
-6.0,5.0,4.390500000000002,0.7607138494624965,2.752888827630688,29.1,-6.5,-6_5
-6.0,5.0,4.415000000000004,0.38963229534876354,3.1152676462586903,74.6,-6.1,-6_5
-6.0,5.0,3.9765000000000033,0.3878400737428879,3.637889515770784,82.14000000000001,-7.3,-6_5
-6.0,5.0,3.658800000000002,0.506584657559764,3.3062111342352214,75.35,-6.9,-6_5
-6.0,5.0,4.504100000000005,0.500678633239624,2.0113761044395044,21.700000000000003,-5.9,-6_5
-6.0,5.0,4.384700000000004,0.329905566921525,2.2310871217584296,29.540000000000003,-5.8,-6_5
-6.0,5.0,4.088500000000002,0.2926318143206664,3.225859237603708,95.50000000000001,-6.2,-6_5
-6.0,5.0,4.889000000000004,0.40997606348672394,2.155576311488371,47.56,-6.3,-6_5
-6.0,5.0,4.207600000000004,0.7145192638512418,2.802121007664905,32.34,-6.5,-6_5
-6.0,5.0,4.868200000000004,0.4939730829084176,2.8351279705647947,36.36000000000001,-5.6,-6_5
-6.0,5.0,3.780020000000003,0.627979755877871,2.7155112904619756,46.53,-6.4,-6_5
-6.0,5.0,4.215900000000002,0.185512547911786,3.717065884133145,122.91000000000001,-6.7,-6_5
-6.0,5.0,3.9885000000000037,0.5417423834571545,2.500273330259075,45.67,-6.8,-6_5
-6.0,5.0,4.968000000000004,0.36851009838247306,2.3476649477990073,62.730000000000004,-6.0,-6_5
-6.0,5.0,5.763300000000006,0.38884052043102657,1.9860571852827587,0.0,-6.1,-6_5
-6.0,5.0,4.3994000000000035,0.34103727036411874,1.9236940180523003,67.2,-6.4,-6_5
-6.0,5.0,4.768800000000004,0.5452633388361581,3.0875502616496213,75.35,-6.0,-6_5
-6.0,5.0,5.318400000000005,0.1989775456764548,2.551065984669375,87.30000000000001,-5.6,-6_5
-6.0,5.0,5.169200000000005,0.3589356790023128,2.3349080272118297,20.310000000000002,-5.4,-6_5
-6.0,5.0,5.129200000000005,0.4436085920960077,2.4196682797611633,20.23,-6.1,-6_5
-6.0,5.0,4.0176000000000025,0.7742190831445329,2.088482969800422,46.53,-6.1,-6_5
-6.0,5.0,5.469400000000005,0.32605471420784005,2.8068066973552455,30.21,-5.6,-6_5
-6.0,5.0,4.6330000000000044,0.6777001598231708,5.578513916294165,40.46,-7.6,-6_5
-6.0,5.0,5.280400000000005,0.688642413135534,2.4822338427287143,18.46,-6.0,-6_5
-6.0,5.0,4.411700000000004,0.3748874955765422,2.122880647941349,61.830000000000005,-6.6,-6_5
-6.0,5.0,4.794100000000004,0.7250618518890952,3.218811125156492,36.36,-5.9,-6_5
-6.0,5.0,5.074400000000005,0.5553253660964516,2.007351661085723,24.5,-6.6,-6_5
-6.0,5.0,4.516000000000004,0.7372544974217788,2.3937551352447652,52.6,-6.3,-6_5
-6.0,5.0,4.383700000000003,0.7228228377095077,2.0229424855015257,29.1,-6.3,-6_5
-6.0,5.0,4.543420000000005,0.6530110201757305,2.5354713706069703,63.830000000000005,-6.5,-6_5
-6.0,5.0,4.764700000000004,0.10872568033301924,4.868284268884219,136.05,-6.7,-6_5
-6.0,5.0,5.323100000000003,0.6493767414357704,2.7541269644534534,27.69,-5.5,-6_5
-6.0,5.0,4.338900000000003,0.386476132859748,2.111892020447595,41.46,-5.8,-6_5
-6.0,5.0,4.043200000000003,0.3882685011932554,3.7377618390556515,44.760000000000005,-5.6,-6_5
-6.0,5.0,4.740900000000005,0.5859353983623301,2.684724206761553,66.84,-7.0,-6_5
-6.0,5.0,3.8892000000000033,0.7187438568902567,3.571626189218966,55.760000000000005,-5.7,-6_5
-6.0,5.0,4.892300000000003,0.25593311382043127,2.015421868353009,80.44,-5.6,-6_5
-6.0,5.0,4.259500000000003,0.8185425310332448,2.0023237724760072,21.259999999999998,-6.1,-6_5
-6.0,5.0,4.170600000000003,0.5670885432480685,2.3374298261417135,41.13,-6.3,-6_5
-6.0,5.0,4.7142000000000035,0.5159184220181512,2.334865092413903,66.76,-5.8,-6_5
-6.0,5.0,3.896700000000002,0.491836947341758,2.5432920217365957,63.6,-6.0,-6_5
-6.0,5.0,5.118500000000005,0.2620920224340147,2.0072617339315215,46.61000000000001,-5.8,-6_5
-6.0,5.0,5.1196000000000055,0.19826719842530596,2.7163230137802277,41.9,-5.7,-6_5
-6.0,5.0,3.5290000000000026,0.6169557756154437,1.854323010631699,30.930000000000003,-6.2,-6_5
-6.0,5.0,5.3601000000000045,0.22048139055838364,2.7212901152566253,83.47,-5.9,-6_5
-6.0,5.0,4.523240000000003,0.600414107345022,1.9236684121318124,24.06,-6.8,-6_5
-6.0,5.0,4.469740000000004,0.757737436644316,2.377604123009183,17.82,-6.9,-6_5
-6.0,5.0,4.557600000000003,0.40846546347118745,3.540278964852334,79.12,-5.4,-6_5
-6.0,5.0,4.217960000000004,0.3711345636931534,3.3236128583285005,65.4,-5.5,-6_5
-6.0,5.0,5.060500000000005,0.5017245780890788,1.9883953879153147,21.060000000000002,-7.0,-6_5
-6.0,5.0,2.7322000000000015,0.19621299443011014,3.5654213280554945,145.86,-6.6,-6_5
-6.0,5.0,3.749900000000003,0.3566666212497167,3.4276188179760325,94.64000000000001,-6.4,-6_5
-6.0,5.0,5.296300000000004,0.20898355671204724,3.022700349896911,66.76,-6.5,-6_5
-6.0,5.0,4.205320000000004,0.6577925590607476,3.1647308929307485,9.23,-6.3,-6_5
-6.0,5.0,4.018900000000003,0.6750922965558344,3.610906107609413,3.01,-6.5,-6_5
-6.0,5.0,4.769100000000004,0.6749437792807588,2.085790404795347,24.92,-5.9,-6_5
-6.0,5.0,4.350200000000004,0.4586866245311142,2.6562167229149374,21.259999999999998,-6.3,-6_5
-6.0,5.0,4.869900000000005,0.46569443594024884,2.0645616926218135,38.33,-6.3,-6_5
-6.0,5.0,4.679500000000004,0.46185241985533043,2.617006428106116,29.540000000000003,-6.2,-6_5
-6.0,5.0,4.600100000000002,0.6465222921182512,2.199077734188533,12.89,-6.0,-6_5
-6.0,5.0,5.362100000000005,0.5075786437159981,2.2172021587636337,4.93,-5.7,-6_5
-6.0,5.0,4.000600000000002,0.8011884205038519,2.4852000413765296,29.020000000000003,-6.4,-6_5
-6.0,5.0,4.163300000000003,0.26653667407897136,3.4511265861606475,129.08,-6.5,-6_5
-6.0,5.0,4.986200000000005,0.2282086276422619,2.597581667654259,112.64999999999999,-6.0,-6_5
-6.0,5.0,4.696800000000005,0.4849649562176396,2.267946454440267,29.540000000000003,-6.1,-6_5
-6.0,5.0,4.768180000000003,0.548289110318136,3.273881807245356,60.71,-5.6,-6_5
-6.0,5.0,4.948600000000004,0.673024155713532,2.3218188783492018,37.3,-7.0,-6_5
-6.0,5.0,4.4013000000000035,0.559974047141903,4.859237192014581,35.53,-5.8,-6_5
-6.0,5.0,3.867200000000003,0.6238103937173376,2.174453605887777,58.64,-6.7,-6_5
